2025-06-09 12:25:22,445 - WARNING -  * Debugger is active!
2025-06-09 12:25:22,455 - INFO -  * Debugger PIN: 856-180-173
2025-06-09 12:26:37,344 - INFO -  * Detected change in 'C:\\Program Files\\WindowsApps\\PythonSoftwareFoundation.Python.3.12_3.12.2800.0_x64__qbz5n2kfra8p0\\Lib\\site-packages\\pip\\__init__.py', reloading
2025-06-09 12:26:37,373 - INFO -  * Detected change in 'C:\\Program Files\\WindowsApps\\PythonSoftwareFoundation.Python.3.12_3.12.2800.0_x64__qbz5n2kfra8p0\\Lib\\site-packages\\pip\\__main__.py', reloading
2025-06-09 12:26:37,373 - INFO -  * Detected change in 'C:\\Program Files\\WindowsApps\\PythonSoftwareFoundation.Python.3.12_3.12.2800.0_x64__qbz5n2kfra8p0\\Lib\\site-packages\\pip\\_internal\\__init__.py', reloading
2025-06-09 12:26:37,382 - INFO -  * Detected change in 'C:\\Program Files\\WindowsApps\\PythonSoftwareFoundation.Python.3.12_3.12.2800.0_x64__qbz5n2kfra8p0\\Lib\\site-packages\\pip\\_internal\\utils\\_log.py', reloading
2025-06-09 12:26:37,407 - INFO -  * Detected change in 'C:\\Program Files\\WindowsApps\\PythonSoftwareFoundation.Python.3.12_3.12.2800.0_x64__qbz5n2kfra8p0\\Lib\\site-packages\\pip\\_internal\\cli\\__init__.py', reloading
2025-06-09 12:26:37,407 - INFO -  * Detected change in 'C:\\Program Files\\WindowsApps\\PythonSoftwareFoundation.Python.3.12_3.12.2800.0_x64__qbz5n2kfra8p0\\Lib\\site-packages\\pip\\_internal\\cli\\main.py', reloading
2025-06-09 12:26:37,418 - INFO -  * Detected change in 'C:\\Program Files\\WindowsApps\\PythonSoftwareFoundation.Python.3.12_3.12.2800.0_x64__qbz5n2kfra8p0\\Lib\\site-packages\\pip\\_internal\\cli\\autocompletion.py', reloading
2025-06-09 12:26:37,420 - INFO -  * Detected change in 'C:\\Program Files\\WindowsApps\\PythonSoftwareFoundation.Python.3.12_3.12.2800.0_x64__qbz5n2kfra8p0\\Lib\\optparse.py', reloading
2025-06-09 12:26:37,424 - INFO -  * Detected change in 'C:\\Program Files\\WindowsApps\\PythonSoftwareFoundation.Python.3.12_3.12.2800.0_x64__qbz5n2kfra8p0\\Lib\\site-packages\\pip\\_internal\\cli\\main_parser.py', reloading
2025-06-09 12:26:37,433 - INFO -  * Detected change in 'C:\\Program Files\\WindowsApps\\PythonSoftwareFoundation.Python.3.12_3.12.2800.0_x64__qbz5n2kfra8p0\\Lib\\site-packages\\pip\\_internal\\build_env.py', reloading
2025-06-09 12:26:37,448 - INFO -  * Detected change in 'C:\\Program Files\\WindowsApps\\PythonSoftwareFoundation.Python.3.12_3.12.2800.0_x64__qbz5n2kfra8p0\\Lib\\site-packages\\pip\\_vendor\\__init__.py', reloading
2025-06-09 12:26:37,452 - INFO -  * Detected change in 'C:\\Program Files\\WindowsApps\\PythonSoftwareFoundation.Python.3.12_3.12.2800.0_x64__qbz5n2kfra8p0\\Lib\\glob.py', reloading
2025-06-09 12:26:37,454 - INFO -  * Detected change in 'C:\\Program Files\\WindowsApps\\PythonSoftwareFoundation.Python.3.12_3.12.2800.0_x64__qbz5n2kfra8p0\\Lib\\site-packages\\pip\\_vendor\\packaging\\__init__.py', reloading
2025-06-09 12:26:37,456 - INFO -  * Detected change in 'C:\\Program Files\\WindowsApps\\PythonSoftwareFoundation.Python.3.12_3.12.2800.0_x64__qbz5n2kfra8p0\\Lib\\site-packages\\pip\\_vendor\\packaging\\version.py', reloading
2025-06-09 12:26:37,458 - INFO -  * Detected change in 'C:\\Program Files\\WindowsApps\\PythonSoftwareFoundation.Python.3.12_3.12.2800.0_x64__qbz5n2kfra8p0\\Lib\\site-packages\\pip\\_vendor\\packaging\\_structures.py', reloading
2025-06-09 12:26:37,466 - INFO -  * Detected change in 'C:\\Program Files\\WindowsApps\\PythonSoftwareFoundation.Python.3.12_3.12.2800.0_x64__qbz5n2kfra8p0\\Lib\\site-packages\\pip\\_internal\\cli\\spinners.py', reloading
2025-06-09 12:26:37,468 - INFO -  * Detected change in 'C:\\Program Files\\WindowsApps\\PythonSoftwareFoundation.Python.3.12_3.12.2800.0_x64__qbz5n2kfra8p0\\Lib\\site-packages\\pip\\_internal\\utils\\compat.py', reloading
2025-06-09 12:26:37,508 - INFO -  * Detected change in 'C:\\Program Files\\WindowsApps\\PythonSoftwareFoundation.Python.3.12_3.12.2800.0_x64__qbz5n2kfra8p0\\Lib\\site-packages\\pip\\_internal\\utils\\logging.py', reloading
2025-06-09 12:26:37,508 - INFO -  * Detected change in 'C:\\Program Files\\WindowsApps\\PythonSoftwareFoundation.Python.3.12_3.12.2800.0_x64__qbz5n2kfra8p0\\Lib\\logging\\handlers.py', reloading
2025-06-09 12:26:37,540 - INFO -  * Detected change in 'C:\\Program Files\\WindowsApps\\PythonSoftwareFoundation.Python.3.12_3.12.2800.0_x64__qbz5n2kfra8p0\\Lib\\site-packages\\pip\\_vendor\\rich\\__init__.py', reloading
2025-06-09 12:26:37,550 - INFO -  * Detected change in 'C:\\Program Files\\WindowsApps\\PythonSoftwareFoundation.Python.3.12_3.12.2800.0_x64__qbz5n2kfra8p0\\Lib\\site-packages\\pip\\_vendor\\rich\\_extension.py', reloading
2025-06-09 12:26:37,556 - INFO -  * Detected change in 'C:\\Program Files\\WindowsApps\\PythonSoftwareFoundation.Python.3.12_3.12.2800.0_x64__qbz5n2kfra8p0\\Lib\\site-packages\\pip\\_vendor\\rich\\console.py', reloading
2025-06-09 12:26:37,576 - INFO -  * Detected change in 'C:\\Program Files\\WindowsApps\\PythonSoftwareFoundation.Python.3.12_3.12.2800.0_x64__qbz5n2kfra8p0\\Lib\\site-packages\\pip\\_vendor\\rich\\_null_file.py', reloading
2025-06-09 12:26:37,583 - INFO -  * Detected change in 'C:\\Program Files\\WindowsApps\\PythonSoftwareFoundation.Python.3.12_3.12.2800.0_x64__qbz5n2kfra8p0\\Lib\\site-packages\\pip\\_vendor\\rich\\errors.py', reloading
2025-06-09 12:26:37,585 - INFO -  * Detected change in 'C:\\Program Files\\WindowsApps\\PythonSoftwareFoundation.Python.3.12_3.12.2800.0_x64__qbz5n2kfra8p0\\Lib\\site-packages\\pip\\_vendor\\rich\\themes.py', reloading
2025-06-09 12:26:37,588 - INFO -  * Detected change in 'C:\\Program Files\\WindowsApps\\PythonSoftwareFoundation.Python.3.12_3.12.2800.0_x64__qbz5n2kfra8p0\\Lib\\site-packages\\pip\\_vendor\\rich\\default_styles.py', reloading
2025-06-09 12:26:37,588 - INFO -  * Detected change in 'C:\\Program Files\\WindowsApps\\PythonSoftwareFoundation.Python.3.12_3.12.2800.0_x64__qbz5n2kfra8p0\\Lib\\site-packages\\pip\\_vendor\\rich\\style.py', reloading
2025-06-09 12:26:37,588 - INFO -  * Detected change in 'C:\\Program Files\\WindowsApps\\PythonSoftwareFoundation.Python.3.12_3.12.2800.0_x64__qbz5n2kfra8p0\\Lib\\site-packages\\pip\\_vendor\\rich\\color.py', reloading
2025-06-09 12:26:37,596 - INFO -  * Detected change in 'C:\\Program Files\\WindowsApps\\PythonSoftwareFoundation.Python.3.12_3.12.2800.0_x64__qbz5n2kfra8p0\\Lib\\colorsys.py', reloading
2025-06-09 12:26:37,599 - INFO -  * Detected change in 'C:\\Program Files\\WindowsApps\\PythonSoftwareFoundation.Python.3.12_3.12.2800.0_x64__qbz5n2kfra8p0\\Lib\\site-packages\\pip\\_vendor\\rich\\_palettes.py', reloading
2025-06-09 12:26:37,599 - INFO -  * Detected change in 'C:\\Program Files\\WindowsApps\\PythonSoftwareFoundation.Python.3.12_3.12.2800.0_x64__qbz5n2kfra8p0\\Lib\\site-packages\\pip\\_vendor\\rich\\palette.py', reloading
2025-06-09 12:26:37,599 - INFO -  * Detected change in 'C:\\Program Files\\WindowsApps\\PythonSoftwareFoundation.Python.3.12_3.12.2800.0_x64__qbz5n2kfra8p0\\Lib\\site-packages\\pip\\_vendor\\rich\\color_triplet.py', reloading
2025-06-09 12:26:37,607 - INFO -  * Detected change in 'C:\\Program Files\\WindowsApps\\PythonSoftwareFoundation.Python.3.12_3.12.2800.0_x64__qbz5n2kfra8p0\\Lib\\site-packages\\pip\\_vendor\\rich\\repr.py', reloading
2025-06-09 12:26:37,611 - INFO -  * Detected change in 'C:\\Program Files\\WindowsApps\\PythonSoftwareFoundation.Python.3.12_3.12.2800.0_x64__qbz5n2kfra8p0\\Lib\\site-packages\\pip\\_vendor\\rich\\terminal_theme.py', reloading
2025-06-09 12:26:37,619 - INFO -  * Detected change in 'C:\\Program Files\\WindowsApps\\PythonSoftwareFoundation.Python.3.12_3.12.2800.0_x64__qbz5n2kfra8p0\\Lib\\site-packages\\pip\\_vendor\\rich\\theme.py', reloading
2025-06-09 12:26:37,619 - INFO -  * Detected change in 'C:\\Program Files\\WindowsApps\\PythonSoftwareFoundation.Python.3.12_3.12.2800.0_x64__qbz5n2kfra8p0\\Lib\\configparser.py', reloading
2025-06-09 12:26:37,628 - INFO -  * Detected change in 'C:\\Program Files\\WindowsApps\\PythonSoftwareFoundation.Python.3.12_3.12.2800.0_x64__qbz5n2kfra8p0\\Lib\\site-packages\\pip\\_vendor\\rich\\_emoji_replace.py', reloading
2025-06-09 12:26:37,632 - INFO -  * Detected change in 'C:\\Program Files\\WindowsApps\\PythonSoftwareFoundation.Python.3.12_3.12.2800.0_x64__qbz5n2kfra8p0\\Lib\\site-packages\\pip\\_vendor\\rich\\_emoji_codes.py', reloading
2025-06-09 12:26:37,639 - INFO -  * Detected change in 'C:\\Program Files\\WindowsApps\\PythonSoftwareFoundation.Python.3.12_3.12.2800.0_x64__qbz5n2kfra8p0\\Lib\\site-packages\\pip\\_vendor\\rich\\_export_format.py', reloading
2025-06-09 12:26:37,643 - INFO -  * Detected change in 'C:\\Program Files\\WindowsApps\\PythonSoftwareFoundation.Python.3.12_3.12.2800.0_x64__qbz5n2kfra8p0\\Lib\\site-packages\\pip\\_vendor\\rich\\_fileno.py', reloading
2025-06-09 12:26:37,643 - INFO -  * Detected change in 'C:\\Program Files\\WindowsApps\\PythonSoftwareFoundation.Python.3.12_3.12.2800.0_x64__qbz5n2kfra8p0\\Lib\\site-packages\\pip\\_vendor\\rich\\_log_render.py', reloading
2025-06-09 12:26:37,643 - INFO -  * Detected change in 'C:\\Program Files\\WindowsApps\\PythonSoftwareFoundation.Python.3.12_3.12.2800.0_x64__qbz5n2kfra8p0\\Lib\\site-packages\\pip\\_vendor\\rich\\text.py', reloading
2025-06-09 12:26:37,649 - INFO -  * Detected change in 'C:\\Program Files\\WindowsApps\\PythonSoftwareFoundation.Python.3.12_3.12.2800.0_x64__qbz5n2kfra8p0\\Lib\\site-packages\\pip\\_vendor\\rich\\_loop.py', reloading
2025-06-09 12:26:37,653 - INFO -  * Detected change in 'C:\\Program Files\\WindowsApps\\PythonSoftwareFoundation.Python.3.12_3.12.2800.0_x64__qbz5n2kfra8p0\\Lib\\site-packages\\pip\\_vendor\\rich\\_pick.py', reloading
2025-06-09 12:26:37,653 - INFO -  * Detected change in 'C:\\Program Files\\WindowsApps\\PythonSoftwareFoundation.Python.3.12_3.12.2800.0_x64__qbz5n2kfra8p0\\Lib\\site-packages\\pip\\_vendor\\rich\\_wrap.py', reloading
2025-06-09 12:26:37,656 - INFO -  * Detected change in 'C:\\Program Files\\WindowsApps\\PythonSoftwareFoundation.Python.3.12_3.12.2800.0_x64__qbz5n2kfra8p0\\Lib\\site-packages\\pip\\_vendor\\rich\\cells.py', reloading
2025-06-09 12:26:37,656 - INFO -  * Detected change in 'C:\\Program Files\\WindowsApps\\PythonSoftwareFoundation.Python.3.12_3.12.2800.0_x64__qbz5n2kfra8p0\\Lib\\site-packages\\pip\\_vendor\\rich\\_cell_widths.py', reloading
2025-06-09 12:26:37,659 - INFO -  * Detected change in 'C:\\Program Files\\WindowsApps\\PythonSoftwareFoundation.Python.3.12_3.12.2800.0_x64__qbz5n2kfra8p0\\Lib\\site-packages\\pip\\_vendor\\rich\\align.py', reloading
2025-06-09 12:26:37,659 - INFO -  * Detected change in 'C:\\Program Files\\WindowsApps\\PythonSoftwareFoundation.Python.3.12_3.12.2800.0_x64__qbz5n2kfra8p0\\Lib\\site-packages\\pip\\_vendor\\rich\\constrain.py', reloading
2025-06-09 12:26:37,665 - INFO -  * Detected change in 'C:\\Program Files\\WindowsApps\\PythonSoftwareFoundation.Python.3.12_3.12.2800.0_x64__qbz5n2kfra8p0\\Lib\\site-packages\\pip\\_vendor\\rich\\jupyter.py', reloading
2025-06-09 12:26:37,667 - INFO -  * Detected change in 'C:\\Program Files\\WindowsApps\\PythonSoftwareFoundation.Python.3.12_3.12.2800.0_x64__qbz5n2kfra8p0\\Lib\\site-packages\\pip\\_vendor\\rich\\segment.py', reloading
2025-06-09 12:26:37,671 - INFO -  * Detected change in 'C:\\Program Files\\WindowsApps\\PythonSoftwareFoundation.Python.3.12_3.12.2800.0_x64__qbz5n2kfra8p0\\Lib\\site-packages\\pip\\_vendor\\rich\\measure.py', reloading
2025-06-09 12:26:37,671 - INFO -  * Detected change in 'C:\\Program Files\\WindowsApps\\PythonSoftwareFoundation.Python.3.12_3.12.2800.0_x64__qbz5n2kfra8p0\\Lib\\site-packages\\pip\\_vendor\\rich\\protocol.py', reloading
2025-06-09 12:26:37,674 - INFO -  * Detected change in 'C:\\Program Files\\WindowsApps\\PythonSoftwareFoundation.Python.3.12_3.12.2800.0_x64__qbz5n2kfra8p0\\Lib\\site-packages\\pip\\_vendor\\rich\\containers.py', reloading
2025-06-09 12:26:37,682 - INFO -  * Detected change in 'C:\\Program Files\\WindowsApps\\PythonSoftwareFoundation.Python.3.12_3.12.2800.0_x64__qbz5n2kfra8p0\\Lib\\site-packages\\pip\\_vendor\\rich\\control.py', reloading
2025-06-09 12:26:37,682 - INFO -  * Detected change in 'C:\\Program Files\\WindowsApps\\PythonSoftwareFoundation.Python.3.12_3.12.2800.0_x64__qbz5n2kfra8p0\\Lib\\site-packages\\pip\\_vendor\\rich\\emoji.py', reloading
2025-06-09 12:26:37,682 - INFO -  * Detected change in 'C:\\Program Files\\WindowsApps\\PythonSoftwareFoundation.Python.3.12_3.12.2800.0_x64__qbz5n2kfra8p0\\Lib\\site-packages\\pip\\_vendor\\rich\\highlighter.py', reloading
2025-06-09 12:26:37,682 - INFO -  * Detected change in 'C:\\Program Files\\WindowsApps\\PythonSoftwareFoundation.Python.3.12_3.12.2800.0_x64__qbz5n2kfra8p0\\Lib\\site-packages\\pip\\_vendor\\rich\\markup.py', reloading
2025-06-09 12:26:37,696 - INFO -  * Detected change in 'C:\\Program Files\\WindowsApps\\PythonSoftwareFoundation.Python.3.12_3.12.2800.0_x64__qbz5n2kfra8p0\\Lib\\site-packages\\pip\\_vendor\\rich\\pager.py', reloading
2025-06-09 12:26:37,698 - INFO -  * Detected change in 'C:\\Program Files\\WindowsApps\\PythonSoftwareFoundation.Python.3.12_3.12.2800.0_x64__qbz5n2kfra8p0\\Lib\\site-packages\\pip\\_vendor\\rich\\pretty.py', reloading
2025-06-09 12:26:37,872 - INFO -  * Detected change in 'C:\\Program Files\\WindowsApps\\PythonSoftwareFoundation.Python.3.12_3.12.2800.0_x64__qbz5n2kfra8p0\\Lib\\site-packages\\pip\\_vendor\\rich\\abc.py', reloading
2025-06-09 12:26:37,877 - INFO -  * Detected change in 'C:\\Program Files\\WindowsApps\\PythonSoftwareFoundation.Python.3.12_3.12.2800.0_x64__qbz5n2kfra8p0\\Lib\\site-packages\\pip\\_vendor\\rich\\region.py', reloading
2025-06-09 12:26:37,880 - INFO -  * Detected change in 'C:\\Program Files\\WindowsApps\\PythonSoftwareFoundation.Python.3.12_3.12.2800.0_x64__qbz5n2kfra8p0\\Lib\\site-packages\\pip\\_vendor\\rich\\scope.py', reloading
2025-06-09 12:26:37,881 - INFO -  * Detected change in 'C:\\Program Files\\WindowsApps\\PythonSoftwareFoundation.Python.3.12_3.12.2800.0_x64__qbz5n2kfra8p0\\Lib\\site-packages\\pip\\_vendor\\rich\\panel.py', reloading
2025-06-09 12:26:37,885 - INFO -  * Detected change in 'C:\\Program Files\\WindowsApps\\PythonSoftwareFoundation.Python.3.12_3.12.2800.0_x64__qbz5n2kfra8p0\\Lib\\site-packages\\pip\\_vendor\\rich\\box.py', reloading
2025-06-09 12:26:37,886 - INFO -  * Detected change in 'C:\\Program Files\\WindowsApps\\PythonSoftwareFoundation.Python.3.12_3.12.2800.0_x64__qbz5n2kfra8p0\\Lib\\site-packages\\pip\\_vendor\\rich\\padding.py', reloading
2025-06-09 12:26:37,887 - INFO -  * Detected change in 'C:\\Program Files\\WindowsApps\\PythonSoftwareFoundation.Python.3.12_3.12.2800.0_x64__qbz5n2kfra8p0\\Lib\\site-packages\\pip\\_vendor\\rich\\table.py', reloading
2025-06-09 12:26:37,890 - INFO -  * Detected change in 'C:\\Program Files\\WindowsApps\\PythonSoftwareFoundation.Python.3.12_3.12.2800.0_x64__qbz5n2kfra8p0\\Lib\\site-packages\\pip\\_vendor\\rich\\_ratio.py', reloading
2025-06-09 12:26:37,891 - INFO -  * Detected change in 'C:\\Program Files\\WindowsApps\\PythonSoftwareFoundation.Python.3.12_3.12.2800.0_x64__qbz5n2kfra8p0\\Lib\\fractions.py', reloading
2025-06-09 12:26:40,159 - WARNING -  * Debugger is active!
2025-06-09 12:26:40,168 - INFO -  * Debugger PIN: 856-180-173
2025-06-09 12:26:40,313 - INFO -  * Detected change in 'C:\\Program Files\\WindowsApps\\PythonSoftwareFoundation.Python.3.12_3.12.2800.0_x64__qbz5n2kfra8p0\\Lib\\site-packages\\pip\\_internal\\metadata\\pkg_resources.py', reloading
2025-06-09 12:26:40,356 - INFO -  * Detected change in 'C:\\Program Files\\WindowsApps\\PythonSoftwareFoundation.Python.3.12_3.12.2800.0_x64__qbz5n2kfra8p0\\Lib\\site-packages\\pip\\_internal\\resolution\\resolvelib\\resolver.py', reloading
2025-06-09 12:26:40,356 - INFO -  * Detected change in 'C:\\Program Files\\WindowsApps\\PythonSoftwareFoundation.Python.3.12_3.12.2800.0_x64__qbz5n2kfra8p0\\Lib\\site-packages\\pip\\_vendor\\resolvelib\\__init__.py', reloading
2025-06-09 12:26:40,363 - INFO -  * Detected change in 'C:\\Program Files\\WindowsApps\\PythonSoftwareFoundation.Python.3.12_3.12.2800.0_x64__qbz5n2kfra8p0\\Lib\\site-packages\\pip\\_vendor\\resolvelib\\providers.py', reloading
2025-06-09 12:26:40,365 - INFO -  * Detected change in 'C:\\Program Files\\WindowsApps\\PythonSoftwareFoundation.Python.3.12_3.12.2800.0_x64__qbz5n2kfra8p0\\Lib\\site-packages\\pip\\_vendor\\resolvelib\\reporters.py', reloading
2025-06-09 12:26:40,365 - INFO -  * Detected change in 'C:\\Program Files\\WindowsApps\\PythonSoftwareFoundation.Python.3.12_3.12.2800.0_x64__qbz5n2kfra8p0\\Lib\\site-packages\\pip\\_vendor\\resolvelib\\resolvers.py', reloading
2025-06-09 12:26:40,372 - INFO -  * Detected change in 'C:\\Program Files\\WindowsApps\\PythonSoftwareFoundation.Python.3.12_3.12.2800.0_x64__qbz5n2kfra8p0\\Lib\\site-packages\\pip\\_vendor\\resolvelib\\structs.py', reloading
2025-06-09 12:26:40,374 - INFO -  * Detected change in 'C:\\Program Files\\WindowsApps\\PythonSoftwareFoundation.Python.3.12_3.12.2800.0_x64__qbz5n2kfra8p0\\Lib\\site-packages\\pip\\_vendor\\resolvelib\\compat\\collections_abc.py', reloading
2025-06-09 12:26:40,382 - INFO -  * Detected change in 'C:\\Program Files\\WindowsApps\\PythonSoftwareFoundation.Python.3.12_3.12.2800.0_x64__qbz5n2kfra8p0\\Lib\\site-packages\\pip\\_internal\\resolution\\resolvelib\\provider.py', reloading
2025-06-09 12:26:40,384 - INFO -  * Detected change in 'C:\\Program Files\\WindowsApps\\PythonSoftwareFoundation.Python.3.12_3.12.2800.0_x64__qbz5n2kfra8p0\\Lib\\site-packages\\pip\\_internal\\resolution\\resolvelib\\base.py', reloading
2025-06-09 12:26:40,389 - INFO -  * Detected change in 'C:\\Program Files\\WindowsApps\\PythonSoftwareFoundation.Python.3.12_3.12.2800.0_x64__qbz5n2kfra8p0\\Lib\\site-packages\\pip\\_internal\\resolution\\resolvelib\\candidates.py', reloading
2025-06-09 12:26:40,391 - INFO -  * Detected change in 'C:\\Program Files\\WindowsApps\\PythonSoftwareFoundation.Python.3.12_3.12.2800.0_x64__qbz5n2kfra8p0\\Lib\\site-packages\\pip\\_internal\\resolution\\resolvelib\\factory.py', reloading
2025-06-09 12:26:40,395 - INFO -  * Detected change in 'C:\\Program Files\\WindowsApps\\PythonSoftwareFoundation.Python.3.12_3.12.2800.0_x64__qbz5n2kfra8p0\\Lib\\site-packages\\pip\\_internal\\resolution\\resolvelib\\found_candidates.py', reloading
2025-06-09 12:26:40,401 - INFO -  * Detected change in 'C:\\Program Files\\WindowsApps\\PythonSoftwareFoundation.Python.3.12_3.12.2800.0_x64__qbz5n2kfra8p0\\Lib\\site-packages\\pip\\_internal\\resolution\\resolvelib\\requirements.py', reloading
2025-06-09 12:26:40,401 - INFO -  * Detected change in 'C:\\Program Files\\WindowsApps\\PythonSoftwareFoundation.Python.3.12_3.12.2800.0_x64__qbz5n2kfra8p0\\Lib\\site-packages\\pip\\_internal\\resolution\\resolvelib\\reporter.py', reloading
2025-06-09 12:26:43,545 - WARNING -  * Debugger is active!
2025-06-09 12:26:43,567 - INFO -  * Debugger PIN: 856-180-173
2025-06-09 12:26:44,261 - INFO -  * Detected change in 'C:\\Program Files\\WindowsApps\\PythonSoftwareFoundation.Python.3.12_3.12.2800.0_x64__qbz5n2kfra8p0\\Lib\\netrc.py', reloading
2025-06-09 12:26:47,287 - WARNING -  * Debugger is active!
2025-06-09 12:26:47,294 - INFO -  * Debugger PIN: 856-180-173
2025-06-09 12:29:06,066 - INFO -  * Detected change in 'C:\\Users\\emilio\\Desktop\\Oficina Ranuk\\Job_finder_app\\cv_parser.py', reloading
2025-06-09 12:29:06,068 - INFO -  * Detected change in 'C:\\Users\\emilio\\Desktop\\Oficina Ranuk\\Job_finder_app\\cv_parser.py', reloading
2025-06-09 12:29:08,744 - WARNING -  * Debugger is active!
2025-06-09 12:29:08,756 - INFO -  * Debugger PIN: 856-180-173
2025-06-09 12:29:22,223 - INFO -  * Detected change in 'C:\\Users\\emilio\\Desktop\\Oficina Ranuk\\Job_finder_app\\cv_parser.py', reloading
2025-06-09 12:29:22,235 - INFO -  * Detected change in 'C:\\Users\\emilio\\Desktop\\Oficina Ranuk\\Job_finder_app\\cv_parser.py', reloading
2025-06-09 12:29:24,747 - WARNING -  * Debugger is active!
2025-06-09 12:29:24,765 - INFO -  * Debugger PIN: 856-180-173
2025-06-09 12:29:26,513 - INFO -  * Detected change in 'C:\\Users\\emilio\\Desktop\\Oficina Ranuk\\Job_finder_app\\venv\\Lib\\site-packages\\cffi\\__init__.py', reloading
2025-06-09 12:29:26,515 - INFO -  * Detected change in 'C:\\Users\\emilio\\Desktop\\Oficina Ranuk\\Job_finder_app\\venv\\Lib\\site-packages\\cffi\\_imp_emulation.py', reloading
2025-06-09 12:29:26,517 - INFO -  * Detected change in 'C:\\Users\\emilio\\Desktop\\Oficina Ranuk\\Job_finder_app\\venv\\Lib\\site-packages\\cffi\\_shimmed_dist_utils.py', reloading
2025-06-09 12:29:26,517 - INFO -  * Detected change in 'C:\\Users\\emilio\\Desktop\\Oficina Ranuk\\Job_finder_app\\venv\\Lib\\site-packages\\cffi\\api.py', reloading
2025-06-09 12:29:26,518 - INFO -  * Detected change in 'C:\\Users\\emilio\\Desktop\\Oficina Ranuk\\Job_finder_app\\venv\\Lib\\site-packages\\cffi\\backend_ctypes.py', reloading
2025-06-09 12:29:26,518 - INFO -  * Detected change in 'C:\\Users\\emilio\\Desktop\\Oficina Ranuk\\Job_finder_app\\venv\\Lib\\site-packages\\cffi\\cffi_opcode.py', reloading
2025-06-09 12:29:26,520 - INFO -  * Detected change in 'C:\\Users\\emilio\\Desktop\\Oficina Ranuk\\Job_finder_app\\venv\\Lib\\site-packages\\cffi\\commontypes.py', reloading
2025-06-09 12:29:26,520 - INFO -  * Detected change in 'C:\\Users\\emilio\\Desktop\\Oficina Ranuk\\Job_finder_app\\venv\\Lib\\site-packages\\cffi\\cparser.py', reloading
2025-06-09 12:29:26,522 - INFO -  * Detected change in 'C:\\Users\\emilio\\Desktop\\Oficina Ranuk\\Job_finder_app\\venv\\Lib\\site-packages\\cffi\\error.py', reloading
2025-06-09 12:29:26,522 - INFO -  * Detected change in 'C:\\Users\\emilio\\Desktop\\Oficina Ranuk\\Job_finder_app\\venv\\Lib\\site-packages\\cffi\\ffiplatform.py', reloading
2025-06-09 12:29:26,526 - INFO -  * Detected change in 'C:\\Users\\emilio\\Desktop\\Oficina Ranuk\\Job_finder_app\\venv\\Lib\\site-packages\\cffi\\lock.py', reloading
2025-06-09 12:29:26,526 - INFO -  * Detected change in 'C:\\Users\\emilio\\Desktop\\Oficina Ranuk\\Job_finder_app\\venv\\Lib\\site-packages\\cffi\\model.py', reloading
2025-06-09 12:29:26,528 - INFO -  * Detected change in 'C:\\Users\\emilio\\Desktop\\Oficina Ranuk\\Job_finder_app\\venv\\Lib\\site-packages\\cffi\\pkgconfig.py', reloading
2025-06-09 12:29:26,528 - INFO -  * Detected change in 'C:\\Users\\emilio\\Desktop\\Oficina Ranuk\\Job_finder_app\\venv\\Lib\\site-packages\\cffi\\recompiler.py', reloading
2025-06-09 12:29:26,530 - INFO -  * Detected change in 'C:\\Users\\emilio\\Desktop\\Oficina Ranuk\\Job_finder_app\\venv\\Lib\\site-packages\\cffi\\setuptools_ext.py', reloading
2025-06-09 12:29:26,530 - INFO -  * Detected change in 'C:\\Users\\emilio\\Desktop\\Oficina Ranuk\\Job_finder_app\\venv\\Lib\\site-packages\\cffi\\vengine_cpy.py', reloading
2025-06-09 12:29:26,532 - INFO -  * Detected change in 'C:\\Users\\emilio\\Desktop\\Oficina Ranuk\\Job_finder_app\\venv\\Lib\\site-packages\\cffi\\vengine_gen.py', reloading
2025-06-09 12:29:26,532 - INFO -  * Detected change in 'C:\\Users\\emilio\\Desktop\\Oficina Ranuk\\Job_finder_app\\venv\\Lib\\site-packages\\cffi\\verifier.py', reloading
2025-06-09 12:29:26,534 - INFO -  * Detected change in 'C:\\Users\\emilio\\Desktop\\Oficina Ranuk\\Job_finder_app\\venv\\Lib\\site-packages\\cryptography\\__init__.py', reloading
2025-06-09 12:29:26,534 - INFO -  * Detected change in 'C:\\Users\\emilio\\Desktop\\Oficina Ranuk\\Job_finder_app\\venv\\Lib\\site-packages\\cryptography\\exceptions.py', reloading
2025-06-09 12:29:26,536 - INFO -  * Detected change in 'C:\\Users\\emilio\\Desktop\\Oficina Ranuk\\Job_finder_app\\venv\\Lib\\site-packages\\cryptography\\hazmat\\__init__.py', reloading
2025-06-09 12:29:26,536 - INFO -  * Detected change in 'C:\\Users\\emilio\\Desktop\\Oficina Ranuk\\Job_finder_app\\venv\\Lib\\site-packages\\cryptography\\hazmat\\backends\\__init__.py', reloading
2025-06-09 12:29:26,538 - INFO -  * Detected change in 'C:\\Users\\emilio\\Desktop\\Oficina Ranuk\\Job_finder_app\\venv\\Lib\\site-packages\\cryptography\\hazmat\\backends\\openssl\\__init__.py', reloading
2025-06-09 12:29:26,538 - INFO -  * Detected change in 'C:\\Users\\emilio\\Desktop\\Oficina Ranuk\\Job_finder_app\\venv\\Lib\\site-packages\\cryptography\\hazmat\\bindings\\__init__.py', reloading
2025-06-09 12:29:26,542 - INFO -  * Detected change in 'C:\\Users\\emilio\\Desktop\\Oficina Ranuk\\Job_finder_app\\venv\\Lib\\site-packages\\cryptography\\hazmat\\bindings\\openssl\\__init__.py', reloading
2025-06-09 12:29:26,544 - INFO -  * Detected change in 'C:\\Users\\emilio\\Desktop\\Oficina Ranuk\\Job_finder_app\\venv\\Lib\\site-packages\\cryptography\\hazmat\\decrepit\\__init__.py', reloading
2025-06-09 12:29:26,544 - INFO -  * Detected change in 'C:\\Users\\emilio\\Desktop\\Oficina Ranuk\\Job_finder_app\\venv\\Lib\\site-packages\\cryptography\\hazmat\\decrepit\\ciphers\\__init__.py', reloading
2025-06-09 12:29:26,546 - INFO -  * Detected change in 'C:\\Users\\emilio\\Desktop\\Oficina Ranuk\\Job_finder_app\\venv\\Lib\\site-packages\\cryptography\\hazmat\\primitives\\__init__.py', reloading
2025-06-09 12:29:26,546 - INFO -  * Detected change in 'C:\\Users\\emilio\\Desktop\\Oficina Ranuk\\Job_finder_app\\venv\\Lib\\site-packages\\cryptography\\hazmat\\primitives\\_asymmetric.py', reloading
2025-06-09 12:29:26,546 - INFO -  * Detected change in 'C:\\Users\\emilio\\Desktop\\Oficina Ranuk\\Job_finder_app\\venv\\Lib\\site-packages\\cryptography\\hazmat\\primitives\\asymmetric\\__init__.py', reloading
2025-06-09 12:29:26,548 - INFO -  * Detected change in 'C:\\Users\\emilio\\Desktop\\Oficina Ranuk\\Job_finder_app\\venv\\Lib\\site-packages\\cryptography\\hazmat\\primitives\\asymmetric\\padding.py', reloading
2025-06-09 12:29:26,548 - INFO -  * Detected change in 'C:\\Users\\emilio\\Desktop\\Oficina Ranuk\\Job_finder_app\\venv\\Lib\\site-packages\\cryptography\\hazmat\\primitives\\asymmetric\\types.py', reloading
2025-06-09 12:29:26,550 - INFO -  * Detected change in 'C:\\Users\\emilio\\Desktop\\Oficina Ranuk\\Job_finder_app\\venv\\Lib\\site-packages\\cryptography\\hazmat\\primitives\\asymmetric\\utils.py', reloading
2025-06-09 12:29:26,550 - INFO -  * Detected change in 'C:\\Users\\emilio\\Desktop\\Oficina Ranuk\\Job_finder_app\\venv\\Lib\\site-packages\\cryptography\\hazmat\\primitives\\ciphers\\__init__.py', reloading
2025-06-09 12:29:26,552 - INFO -  * Detected change in 'C:\\Users\\emilio\\Desktop\\Oficina Ranuk\\Job_finder_app\\venv\\Lib\\site-packages\\cryptography\\hazmat\\primitives\\ciphers\\aead.py', reloading
2025-06-09 12:29:26,552 - INFO -  * Detected change in 'C:\\Users\\emilio\\Desktop\\Oficina Ranuk\\Job_finder_app\\venv\\Lib\\site-packages\\cryptography\\hazmat\\primitives\\cmac.py', reloading
2025-06-09 12:29:26,552 - INFO -  * Detected change in 'C:\\Users\\emilio\\Desktop\\Oficina Ranuk\\Job_finder_app\\venv\\Lib\\site-packages\\cryptography\\hazmat\\primitives\\constant_time.py', reloading
2025-06-09 12:29:26,554 - INFO -  * Detected change in 'C:\\Users\\emilio\\Desktop\\Oficina Ranuk\\Job_finder_app\\venv\\Lib\\site-packages\\cryptography\\hazmat\\primitives\\hmac.py', reloading
2025-06-09 12:29:26,554 - INFO -  * Detected change in 'C:\\Users\\emilio\\Desktop\\Oficina Ranuk\\Job_finder_app\\venv\\Lib\\site-packages\\cryptography\\hazmat\\primitives\\kdf\\__init__.py', reloading
2025-06-09 12:29:26,556 - INFO -  * Detected change in 'C:\\Users\\emilio\\Desktop\\Oficina Ranuk\\Job_finder_app\\venv\\Lib\\site-packages\\cryptography\\hazmat\\primitives\\kdf\\argon2.py', reloading
2025-06-09 12:29:26,558 - INFO -  * Detected change in 'C:\\Users\\emilio\\Desktop\\Oficina Ranuk\\Job_finder_app\\venv\\Lib\\site-packages\\cryptography\\hazmat\\primitives\\kdf\\scrypt.py', reloading
2025-06-09 12:29:26,560 - INFO -  * Detected change in 'C:\\Users\\emilio\\Desktop\\Oficina Ranuk\\Job_finder_app\\venv\\Lib\\site-packages\\cryptography\\hazmat\\primitives\\keywrap.py', reloading
2025-06-09 12:29:26,560 - INFO -  * Detected change in 'C:\\Users\\emilio\\Desktop\\Oficina Ranuk\\Job_finder_app\\venv\\Lib\\site-packages\\cryptography\\hazmat\\primitives\\poly1305.py', reloading
2025-06-09 12:29:26,562 - INFO -  * Detected change in 'C:\\Users\\emilio\\Desktop\\Oficina Ranuk\\Job_finder_app\\venv\\Lib\\site-packages\\cryptography\\hazmat\\primitives\\serialization\\base.py', reloading
2025-06-09 12:29:26,562 - INFO -  * Detected change in 'C:\\Users\\emilio\\Desktop\\Oficina Ranuk\\Job_finder_app\\venv\\Lib\\site-packages\\cryptography\\hazmat\\primitives\\twofactor\\__init__.py', reloading
2025-06-09 12:29:26,564 - INFO -  * Detected change in 'C:\\Users\\emilio\\Desktop\\Oficina Ranuk\\Job_finder_app\\venv\\Lib\\site-packages\\cryptography\\x509\\certificate_transparency.py', reloading
2025-06-09 12:29:26,564 - INFO -  * Detected change in 'C:\\Users\\emilio\\Desktop\\Oficina Ranuk\\Job_finder_app\\venv\\Lib\\site-packages\\cryptography\\x509\\general_name.py', reloading
2025-06-09 12:29:26,566 - INFO -  * Detected change in 'C:\\Users\\emilio\\Desktop\\Oficina Ranuk\\Job_finder_app\\venv\\Lib\\site-packages\\dotenv\\__init__.py', reloading
2025-06-09 12:29:26,568 - INFO -  * Detected change in 'C:\\Users\\emilio\\Desktop\\Oficina Ranuk\\Job_finder_app\\venv\\Lib\\site-packages\\dotenv\\__main__.py', reloading
2025-06-09 12:29:26,568 - INFO -  * Detected change in 'C:\\Users\\emilio\\Desktop\\Oficina Ranuk\\Job_finder_app\\venv\\Lib\\site-packages\\dotenv\\cli.py', reloading
2025-06-09 12:29:26,568 - INFO -  * Detected change in 'C:\\Users\\emilio\\Desktop\\Oficina Ranuk\\Job_finder_app\\venv\\Lib\\site-packages\\dotenv\\ipython.py', reloading
2025-06-09 12:29:26,570 - INFO -  * Detected change in 'C:\\Users\\emilio\\Desktop\\Oficina Ranuk\\Job_finder_app\\venv\\Lib\\site-packages\\dotenv\\parser.py', reloading
2025-06-09 12:29:26,570 - INFO -  * Detected change in 'C:\\Users\\emilio\\Desktop\\Oficina Ranuk\\Job_finder_app\\venv\\Lib\\site-packages\\dotenv\\variables.py', reloading
2025-06-09 12:29:26,572 - INFO -  * Detected change in 'C:\\Users\\emilio\\Desktop\\Oficina Ranuk\\Job_finder_app\\venv\\Lib\\site-packages\\dotenv\\version.py', reloading
2025-06-09 12:29:26,572 - INFO -  * Detected change in 'C:\\Users\\emilio\\Desktop\\Oficina Ranuk\\Job_finder_app\\venv\\Lib\\site-packages\\flask\\__main__.py', reloading
2025-06-09 12:29:26,575 - INFO -  * Detected change in 'C:\\Users\\emilio\\Desktop\\Oficina Ranuk\\Job_finder_app\\venv\\Lib\\site-packages\\flask_babel\\speaklater.py', reloading
2025-06-09 12:29:26,575 - INFO -  * Detected change in 'C:\\Users\\emilio\\Desktop\\Oficina Ranuk\\Job_finder_app\\venv\\Lib\\site-packages\\lxml\\ElementInclude.py', reloading
2025-06-09 12:29:26,577 - INFO -  * Detected change in 'C:\\Users\\emilio\\Desktop\\Oficina Ranuk\\Job_finder_app\\venv\\Lib\\site-packages\\lxml\\__init__.py', reloading
2025-06-09 12:29:26,577 - INFO -  * Detected change in 'C:\\Users\\emilio\\Desktop\\Oficina Ranuk\\Job_finder_app\\venv\\Lib\\site-packages\\lxml\\_elementpath.py', reloading
2025-06-09 12:29:26,579 - INFO -  * Detected change in 'C:\\Users\\emilio\\Desktop\\Oficina Ranuk\\Job_finder_app\\venv\\Lib\\site-packages\\lxml\\builder.py', reloading
2025-06-09 12:29:26,581 - INFO -  * Detected change in 'C:\\Users\\emilio\\Desktop\\Oficina Ranuk\\Job_finder_app\\venv\\Lib\\site-packages\\lxml\\cssselect.py', reloading
2025-06-09 12:29:26,581 - INFO -  * Detected change in 'C:\\Users\\emilio\\Desktop\\Oficina Ranuk\\Job_finder_app\\venv\\Lib\\site-packages\\lxml\\doctestcompare.py', reloading
2025-06-09 12:29:26,583 - INFO -  * Detected change in 'C:\\Users\\emilio\\Desktop\\Oficina Ranuk\\Job_finder_app\\venv\\Lib\\site-packages\\lxml\\html\\ElementSoup.py', reloading
2025-06-09 12:29:26,583 - INFO -  * Detected change in 'C:\\Users\\emilio\\Desktop\\Oficina Ranuk\\Job_finder_app\\venv\\Lib\\site-packages\\lxml\\html\\__init__.py', reloading
2025-06-09 12:29:26,585 - INFO -  * Detected change in 'C:\\Users\\emilio\\Desktop\\Oficina Ranuk\\Job_finder_app\\venv\\Lib\\site-packages\\lxml\\html\\_diffcommand.py', reloading
2025-06-09 12:29:26,585 - INFO -  * Detected change in 'C:\\Users\\emilio\\Desktop\\Oficina Ranuk\\Job_finder_app\\venv\\Lib\\site-packages\\lxml\\html\\_html5builder.py', reloading
2025-06-09 12:29:26,587 - INFO -  * Detected change in 'C:\\Users\\emilio\\Desktop\\Oficina Ranuk\\Job_finder_app\\venv\\Lib\\site-packages\\lxml\\html\\_setmixin.py', reloading
2025-06-09 12:29:26,587 - INFO -  * Detected change in 'C:\\Users\\emilio\\Desktop\\Oficina Ranuk\\Job_finder_app\\venv\\Lib\\site-packages\\lxml\\html\\builder.py', reloading
2025-06-09 12:29:26,589 - INFO -  * Detected change in 'C:\\Users\\emilio\\Desktop\\Oficina Ranuk\\Job_finder_app\\venv\\Lib\\site-packages\\lxml\\html\\clean.py', reloading
2025-06-09 12:29:26,589 - INFO -  * Detected change in 'C:\\Users\\emilio\\Desktop\\Oficina Ranuk\\Job_finder_app\\venv\\Lib\\site-packages\\lxml\\html\\defs.py', reloading
2025-06-09 12:29:26,591 - INFO -  * Detected change in 'C:\\Users\\emilio\\Desktop\\Oficina Ranuk\\Job_finder_app\\venv\\Lib\\site-packages\\lxml\\html\\diff.py', reloading
2025-06-09 12:29:26,593 - INFO -  * Detected change in 'C:\\Users\\emilio\\Desktop\\Oficina Ranuk\\Job_finder_app\\venv\\Lib\\site-packages\\lxml\\html\\formfill.py', reloading
2025-06-09 12:29:26,593 - INFO -  * Detected change in 'C:\\Users\\emilio\\Desktop\\Oficina Ranuk\\Job_finder_app\\venv\\Lib\\site-packages\\lxml\\html\\html5parser.py', reloading
2025-06-09 12:29:26,595 - INFO -  * Detected change in 'C:\\Users\\emilio\\Desktop\\Oficina Ranuk\\Job_finder_app\\venv\\Lib\\site-packages\\lxml\\html\\soupparser.py', reloading
2025-06-09 12:29:26,595 - INFO -  * Detected change in 'C:\\Users\\emilio\\Desktop\\Oficina Ranuk\\Job_finder_app\\venv\\Lib\\site-packages\\lxml\\html\\usedoctest.py', reloading
2025-06-09 12:29:26,623 - INFO -  * Detected change in 'C:\\Users\\emilio\\Desktop\\Oficina Ranuk\\Job_finder_app\\venv\\Lib\\site-packages\\lxml\\isoschematron\\__init__.py', reloading
2025-06-09 12:29:26,629 - INFO -  * Detected change in 'C:\\Users\\emilio\\Desktop\\Oficina Ranuk\\Job_finder_app\\venv\\Lib\\site-packages\\lxml\\pyclasslookup.py', reloading
2025-06-09 12:29:26,629 - INFO -  * Detected change in 'C:\\Users\\emilio\\Desktop\\Oficina Ranuk\\Job_finder_app\\venv\\Lib\\site-packages\\lxml\\sax.py', reloading
2025-06-09 12:29:26,629 - INFO -  * Detected change in 'C:\\Users\\emilio\\Desktop\\Oficina Ranuk\\Job_finder_app\\venv\\Lib\\site-packages\\lxml\\usedoctest.py', reloading
2025-06-09 12:29:26,629 - INFO -  * Detected change in 'C:\\Users\\emilio\\Desktop\\Oficina Ranuk\\Job_finder_app\\venv\\Lib\\site-packages\\pip\\__main__.py', reloading
2025-06-09 12:29:26,638 - INFO -  * Detected change in 'C:\\Users\\emilio\\Desktop\\Oficina Ranuk\\Job_finder_app\\venv\\Lib\\site-packages\\pip\\__pip-runner__.py', reloading
2025-06-09 12:29:26,638 - INFO -  * Detected change in 'C:\\Users\\emilio\\Desktop\\Oficina Ranuk\\Job_finder_app\\venv\\Lib\\site-packages\\pip\\_internal\\__init__.py', reloading
2025-06-09 12:29:26,638 - INFO -  * Detected change in 'C:\\Users\\emilio\\Desktop\\Oficina Ranuk\\Job_finder_app\\venv\\Lib\\site-packages\\pip\\_internal\\cache.py', reloading
2025-06-09 12:29:26,638 - INFO -  * Detected change in 'C:\\Users\\emilio\\Desktop\\Oficina Ranuk\\Job_finder_app\\venv\\Lib\\site-packages\\pip\\_internal\\cli\\__init__.py', reloading
2025-06-09 12:29:26,638 - INFO -  * Detected change in 'C:\\Users\\emilio\\Desktop\\Oficina Ranuk\\Job_finder_app\\venv\\Lib\\site-packages\\pip\\_internal\\cli\\autocompletion.py', reloading
2025-06-09 12:29:26,645 - INFO -  * Detected change in 'C:\\Users\\emilio\\Desktop\\Oficina Ranuk\\Job_finder_app\\venv\\Lib\\site-packages\\pip\\_internal\\cli\\base_command.py', reloading
2025-06-09 12:29:26,645 - INFO -  * Detected change in 'C:\\Users\\emilio\\Desktop\\Oficina Ranuk\\Job_finder_app\\venv\\Lib\\site-packages\\pip\\_internal\\cli\\cmdoptions.py', reloading
2025-06-09 12:29:26,647 - INFO -  * Detected change in 'C:\\Users\\emilio\\Desktop\\Oficina Ranuk\\Job_finder_app\\venv\\Lib\\site-packages\\pip\\_internal\\cli\\command_context.py', reloading
2025-06-09 12:29:26,647 - INFO -  * Detected change in 'C:\\Users\\emilio\\Desktop\\Oficina Ranuk\\Job_finder_app\\venv\\Lib\\site-packages\\pip\\_internal\\cli\\index_command.py', reloading
2025-06-09 12:29:26,647 - INFO -  * Detected change in 'C:\\Users\\emilio\\Desktop\\Oficina Ranuk\\Job_finder_app\\venv\\Lib\\site-packages\\pip\\_internal\\cli\\main.py', reloading
2025-06-09 12:29:26,647 - INFO -  * Detected change in 'C:\\Users\\emilio\\Desktop\\Oficina Ranuk\\Job_finder_app\\venv\\Lib\\site-packages\\pip\\_internal\\cli\\main_parser.py', reloading
2025-06-09 12:29:26,651 - INFO -  * Detected change in 'C:\\Users\\emilio\\Desktop\\Oficina Ranuk\\Job_finder_app\\venv\\Lib\\site-packages\\pip\\_internal\\cli\\parser.py', reloading
2025-06-09 12:29:26,651 - INFO -  * Detected change in 'C:\\Users\\emilio\\Desktop\\Oficina Ranuk\\Job_finder_app\\venv\\Lib\\site-packages\\pip\\_internal\\cli\\progress_bars.py', reloading
2025-06-09 12:29:26,651 - INFO -  * Detected change in 'C:\\Users\\emilio\\Desktop\\Oficina Ranuk\\Job_finder_app\\venv\\Lib\\site-packages\\pip\\_internal\\cli\\req_command.py', reloading
2025-06-09 12:29:26,651 - INFO -  * Detected change in 'C:\\Users\\emilio\\Desktop\\Oficina Ranuk\\Job_finder_app\\venv\\Lib\\site-packages\\pip\\_internal\\cli\\spinners.py', reloading
2025-06-09 12:29:26,651 - INFO -  * Detected change in 'C:\\Users\\emilio\\Desktop\\Oficina Ranuk\\Job_finder_app\\venv\\Lib\\site-packages\\pip\\_internal\\cli\\status_codes.py', reloading
2025-06-09 12:29:26,651 - INFO -  * Detected change in 'C:\\Users\\emilio\\Desktop\\Oficina Ranuk\\Job_finder_app\\venv\\Lib\\site-packages\\pip\\_internal\\commands\\__init__.py', reloading
2025-06-09 12:29:26,651 - INFO -  * Detected change in 'C:\\Users\\emilio\\Desktop\\Oficina Ranuk\\Job_finder_app\\venv\\Lib\\site-packages\\pip\\_internal\\commands\\cache.py', reloading
2025-06-09 12:29:26,658 - INFO -  * Detected change in 'C:\\Users\\emilio\\Desktop\\Oficina Ranuk\\Job_finder_app\\venv\\Lib\\site-packages\\pip\\_internal\\commands\\check.py', reloading
2025-06-09 12:29:26,660 - INFO -  * Detected change in 'C:\\Users\\emilio\\Desktop\\Oficina Ranuk\\Job_finder_app\\venv\\Lib\\site-packages\\pip\\_internal\\commands\\completion.py', reloading
2025-06-09 12:29:26,660 - INFO -  * Detected change in 'C:\\Users\\emilio\\Desktop\\Oficina Ranuk\\Job_finder_app\\venv\\Lib\\site-packages\\pip\\_internal\\commands\\configuration.py', reloading
2025-06-09 12:29:26,662 - INFO -  * Detected change in 'C:\\Users\\emilio\\Desktop\\Oficina Ranuk\\Job_finder_app\\venv\\Lib\\site-packages\\pip\\_internal\\commands\\debug.py', reloading
2025-06-09 12:29:26,662 - INFO -  * Detected change in 'C:\\Users\\emilio\\Desktop\\Oficina Ranuk\\Job_finder_app\\venv\\Lib\\site-packages\\pip\\_internal\\commands\\download.py', reloading
2025-06-09 12:29:26,662 - INFO -  * Detected change in 'C:\\Users\\emilio\\Desktop\\Oficina Ranuk\\Job_finder_app\\venv\\Lib\\site-packages\\pip\\_internal\\commands\\freeze.py', reloading
2025-06-09 12:29:26,662 - INFO -  * Detected change in 'C:\\Users\\emilio\\Desktop\\Oficina Ranuk\\Job_finder_app\\venv\\Lib\\site-packages\\pip\\_internal\\commands\\hash.py', reloading
2025-06-09 12:29:26,662 - INFO -  * Detected change in 'C:\\Users\\emilio\\Desktop\\Oficina Ranuk\\Job_finder_app\\venv\\Lib\\site-packages\\pip\\_internal\\commands\\help.py', reloading
2025-06-09 12:29:26,662 - INFO -  * Detected change in 'C:\\Users\\emilio\\Desktop\\Oficina Ranuk\\Job_finder_app\\venv\\Lib\\site-packages\\pip\\_internal\\commands\\index.py', reloading
2025-06-09 12:29:26,662 - INFO -  * Detected change in 'C:\\Users\\emilio\\Desktop\\Oficina Ranuk\\Job_finder_app\\venv\\Lib\\site-packages\\pip\\_internal\\commands\\inspect.py', reloading
2025-06-09 12:29:26,662 - INFO -  * Detected change in 'C:\\Users\\emilio\\Desktop\\Oficina Ranuk\\Job_finder_app\\venv\\Lib\\site-packages\\pip\\_internal\\commands\\install.py', reloading
2025-06-09 12:29:26,662 - INFO -  * Detected change in 'C:\\Users\\emilio\\Desktop\\Oficina Ranuk\\Job_finder_app\\venv\\Lib\\site-packages\\pip\\_internal\\commands\\list.py', reloading
2025-06-09 12:29:26,662 - INFO -  * Detected change in 'C:\\Users\\emilio\\Desktop\\Oficina Ranuk\\Job_finder_app\\venv\\Lib\\site-packages\\pip\\_internal\\commands\\search.py', reloading
2025-06-09 12:29:26,662 - INFO -  * Detected change in 'C:\\Users\\emilio\\Desktop\\Oficina Ranuk\\Job_finder_app\\venv\\Lib\\site-packages\\pip\\_internal\\commands\\show.py', reloading
2025-06-09 12:29:26,662 - INFO -  * Detected change in 'C:\\Users\\emilio\\Desktop\\Oficina Ranuk\\Job_finder_app\\venv\\Lib\\site-packages\\pip\\_internal\\commands\\uninstall.py', reloading
2025-06-09 12:29:26,674 - INFO -  * Detected change in 'C:\\Users\\emilio\\Desktop\\Oficina Ranuk\\Job_finder_app\\venv\\Lib\\site-packages\\pip\\_internal\\commands\\wheel.py', reloading
2025-06-09 12:29:26,674 - INFO -  * Detected change in 'C:\\Users\\emilio\\Desktop\\Oficina Ranuk\\Job_finder_app\\venv\\Lib\\site-packages\\pip\\_internal\\configuration.py', reloading
2025-06-09 12:29:26,676 - INFO -  * Detected change in 'C:\\Users\\emilio\\Desktop\\Oficina Ranuk\\Job_finder_app\\venv\\Lib\\site-packages\\pip\\_internal\\distributions\\__init__.py', reloading
2025-06-09 12:29:26,676 - INFO -  * Detected change in 'C:\\Users\\emilio\\Desktop\\Oficina Ranuk\\Job_finder_app\\venv\\Lib\\site-packages\\pip\\_internal\\distributions\\base.py', reloading
2025-06-09 12:29:26,676 - INFO -  * Detected change in 'C:\\Users\\emilio\\Desktop\\Oficina Ranuk\\Job_finder_app\\venv\\Lib\\site-packages\\pip\\_internal\\distributions\\installed.py', reloading
2025-06-09 12:29:26,676 - INFO -  * Detected change in 'C:\\Users\\emilio\\Desktop\\Oficina Ranuk\\Job_finder_app\\venv\\Lib\\site-packages\\pip\\_internal\\distributions\\sdist.py', reloading
2025-06-09 12:29:26,676 - INFO -  * Detected change in 'C:\\Users\\emilio\\Desktop\\Oficina Ranuk\\Job_finder_app\\venv\\Lib\\site-packages\\pip\\_internal\\distributions\\wheel.py', reloading
2025-06-09 12:29:26,676 - INFO -  * Detected change in 'C:\\Users\\emilio\\Desktop\\Oficina Ranuk\\Job_finder_app\\venv\\Lib\\site-packages\\pip\\_internal\\exceptions.py', reloading
2025-06-09 12:29:26,676 - INFO -  * Detected change in 'C:\\Users\\emilio\\Desktop\\Oficina Ranuk\\Job_finder_app\\venv\\Lib\\site-packages\\pip\\_internal\\index\\__init__.py', reloading
2025-06-09 12:29:26,684 - INFO -  * Detected change in 'C:\\Users\\emilio\\Desktop\\Oficina Ranuk\\Job_finder_app\\venv\\Lib\\site-packages\\pip\\_internal\\index\\collector.py', reloading
2025-06-09 12:29:26,684 - INFO -  * Detected change in 'C:\\Users\\emilio\\Desktop\\Oficina Ranuk\\Job_finder_app\\venv\\Lib\\site-packages\\pip\\_internal\\index\\package_finder.py', reloading
2025-06-09 12:29:26,684 - INFO -  * Detected change in 'C:\\Users\\emilio\\Desktop\\Oficina Ranuk\\Job_finder_app\\venv\\Lib\\site-packages\\pip\\_internal\\index\\sources.py', reloading
2025-06-09 12:29:26,684 - INFO -  * Detected change in 'C:\\Users\\emilio\\Desktop\\Oficina Ranuk\\Job_finder_app\\venv\\Lib\\site-packages\\pip\\_internal\\locations\\__init__.py', reloading
2025-06-09 12:29:26,684 - INFO -  * Detected change in 'C:\\Users\\emilio\\Desktop\\Oficina Ranuk\\Job_finder_app\\venv\\Lib\\site-packages\\pip\\_internal\\locations\\_distutils.py', reloading
2025-06-09 12:29:26,689 - INFO -  * Detected change in 'C:\\Users\\emilio\\Desktop\\Oficina Ranuk\\Job_finder_app\\venv\\Lib\\site-packages\\pip\\_internal\\locations\\_sysconfig.py', reloading
2025-06-09 12:29:26,689 - INFO -  * Detected change in 'C:\\Users\\emilio\\Desktop\\Oficina Ranuk\\Job_finder_app\\venv\\Lib\\site-packages\\pip\\_internal\\locations\\base.py', reloading
2025-06-09 12:29:26,692 - INFO -  * Detected change in 'C:\\Users\\emilio\\Desktop\\Oficina Ranuk\\Job_finder_app\\venv\\Lib\\site-packages\\pip\\_internal\\main.py', reloading
2025-06-09 12:29:26,692 - INFO -  * Detected change in 'C:\\Users\\emilio\\Desktop\\Oficina Ranuk\\Job_finder_app\\venv\\Lib\\site-packages\\pip\\_internal\\metadata\\__init__.py', reloading
2025-06-09 12:29:26,692 - INFO -  * Detected change in 'C:\\Users\\emilio\\Desktop\\Oficina Ranuk\\Job_finder_app\\venv\\Lib\\site-packages\\pip\\_internal\\metadata\\_json.py', reloading
2025-06-09 12:29:26,692 - INFO -  * Detected change in 'C:\\Users\\emilio\\Desktop\\Oficina Ranuk\\Job_finder_app\\venv\\Lib\\site-packages\\pip\\_internal\\metadata\\base.py', reloading
2025-06-09 12:29:26,692 - INFO -  * Detected change in 'C:\\Users\\emilio\\Desktop\\Oficina Ranuk\\Job_finder_app\\venv\\Lib\\site-packages\\pip\\_internal\\metadata\\importlib\\__init__.py', reloading
2025-06-09 12:29:26,698 - INFO -  * Detected change in 'C:\\Users\\emilio\\Desktop\\Oficina Ranuk\\Job_finder_app\\venv\\Lib\\site-packages\\pip\\_internal\\metadata\\importlib\\_compat.py', reloading
2025-06-09 12:29:26,698 - INFO -  * Detected change in 'C:\\Users\\emilio\\Desktop\\Oficina Ranuk\\Job_finder_app\\venv\\Lib\\site-packages\\pip\\_internal\\metadata\\importlib\\_envs.py', reloading
2025-06-09 12:29:26,700 - INFO -  * Detected change in 'C:\\Users\\emilio\\Desktop\\Oficina Ranuk\\Job_finder_app\\venv\\Lib\\site-packages\\pip\\_internal\\metadata\\pkg_resources.py', reloading
2025-06-09 12:29:26,700 - INFO -  * Detected change in 'C:\\Users\\emilio\\Desktop\\Oficina Ranuk\\Job_finder_app\\venv\\Lib\\site-packages\\pip\\_internal\\models\\__init__.py', reloading
2025-06-09 12:29:26,700 - INFO -  * Detected change in 'C:\\Users\\emilio\\Desktop\\Oficina Ranuk\\Job_finder_app\\venv\\Lib\\site-packages\\pip\\_internal\\models\\candidate.py', reloading
2025-06-09 12:29:26,702 - INFO -  * Detected change in 'C:\\Users\\emilio\\Desktop\\Oficina Ranuk\\Job_finder_app\\venv\\Lib\\site-packages\\pip\\_internal\\models\\direct_url.py', reloading
2025-06-09 12:29:26,702 - INFO -  * Detected change in 'C:\\Users\\emilio\\Desktop\\Oficina Ranuk\\Job_finder_app\\venv\\Lib\\site-packages\\pip\\_internal\\models\\format_control.py', reloading
2025-06-09 12:29:26,704 - INFO -  * Detected change in 'C:\\Users\\emilio\\Desktop\\Oficina Ranuk\\Job_finder_app\\venv\\Lib\\site-packages\\pip\\_internal\\models\\index.py', reloading
2025-06-09 12:29:26,704 - INFO -  * Detected change in 'C:\\Users\\emilio\\Desktop\\Oficina Ranuk\\Job_finder_app\\venv\\Lib\\site-packages\\pip\\_internal\\models\\installation_report.py', reloading
2025-06-09 12:29:26,704 - INFO -  * Detected change in 'C:\\Users\\emilio\\Desktop\\Oficina Ranuk\\Job_finder_app\\venv\\Lib\\site-packages\\pip\\_internal\\models\\link.py', reloading
2025-06-09 12:29:26,706 - INFO -  * Detected change in 'C:\\Users\\emilio\\Desktop\\Oficina Ranuk\\Job_finder_app\\venv\\Lib\\site-packages\\pip\\_internal\\models\\scheme.py', reloading
2025-06-09 12:29:26,708 - INFO -  * Detected change in 'C:\\Users\\emilio\\Desktop\\Oficina Ranuk\\Job_finder_app\\venv\\Lib\\site-packages\\pip\\_internal\\models\\search_scope.py', reloading
2025-06-09 12:29:26,710 - INFO -  * Detected change in 'C:\\Users\\emilio\\Desktop\\Oficina Ranuk\\Job_finder_app\\venv\\Lib\\site-packages\\pip\\_internal\\models\\selection_prefs.py', reloading
2025-06-09 12:29:26,710 - INFO -  * Detected change in 'C:\\Users\\emilio\\Desktop\\Oficina Ranuk\\Job_finder_app\\venv\\Lib\\site-packages\\pip\\_internal\\models\\target_python.py', reloading
2025-06-09 12:29:26,712 - INFO -  * Detected change in 'C:\\Users\\emilio\\Desktop\\Oficina Ranuk\\Job_finder_app\\venv\\Lib\\site-packages\\pip\\_internal\\models\\wheel.py', reloading
2025-06-09 12:29:26,712 - INFO -  * Detected change in 'C:\\Users\\emilio\\Desktop\\Oficina Ranuk\\Job_finder_app\\venv\\Lib\\site-packages\\pip\\_internal\\network\\__init__.py', reloading
2025-06-09 12:29:26,714 - INFO -  * Detected change in 'C:\\Users\\emilio\\Desktop\\Oficina Ranuk\\Job_finder_app\\venv\\Lib\\site-packages\\pip\\_internal\\network\\auth.py', reloading
2025-06-09 12:29:26,714 - INFO -  * Detected change in 'C:\\Users\\emilio\\Desktop\\Oficina Ranuk\\Job_finder_app\\venv\\Lib\\site-packages\\pip\\_internal\\network\\cache.py', reloading
2025-06-09 12:29:26,716 - INFO -  * Detected change in 'C:\\Users\\emilio\\Desktop\\Oficina Ranuk\\Job_finder_app\\venv\\Lib\\site-packages\\pip\\_internal\\network\\download.py', reloading
2025-06-09 12:29:26,716 - INFO -  * Detected change in 'C:\\Users\\emilio\\Desktop\\Oficina Ranuk\\Job_finder_app\\venv\\Lib\\site-packages\\pip\\_internal\\network\\lazy_wheel.py', reloading
2025-06-09 12:29:26,716 - INFO -  * Detected change in 'C:\\Users\\emilio\\Desktop\\Oficina Ranuk\\Job_finder_app\\venv\\Lib\\site-packages\\pip\\_internal\\network\\session.py', reloading
2025-06-09 12:29:26,718 - INFO -  * Detected change in 'C:\\Users\\emilio\\Desktop\\Oficina Ranuk\\Job_finder_app\\venv\\Lib\\site-packages\\pip\\_internal\\network\\utils.py', reloading
2025-06-09 12:29:26,718 - INFO -  * Detected change in 'C:\\Users\\emilio\\Desktop\\Oficina Ranuk\\Job_finder_app\\venv\\Lib\\site-packages\\pip\\_internal\\network\\xmlrpc.py', reloading
2025-06-09 12:29:26,720 - INFO -  * Detected change in 'C:\\Users\\emilio\\Desktop\\Oficina Ranuk\\Job_finder_app\\venv\\Lib\\site-packages\\pip\\_internal\\operations\\build\\build_tracker.py', reloading
2025-06-09 12:29:26,720 - INFO -  * Detected change in 'C:\\Users\\emilio\\Desktop\\Oficina Ranuk\\Job_finder_app\\venv\\Lib\\site-packages\\pip\\_internal\\operations\\build\\metadata.py', reloading
2025-06-09 12:29:26,720 - INFO -  * Detected change in 'C:\\Users\\emilio\\Desktop\\Oficina Ranuk\\Job_finder_app\\venv\\Lib\\site-packages\\pip\\_internal\\operations\\build\\metadata_editable.py', reloading
2025-06-09 12:29:26,722 - INFO -  * Detected change in 'C:\\Users\\emilio\\Desktop\\Oficina Ranuk\\Job_finder_app\\venv\\Lib\\site-packages\\pip\\_internal\\operations\\build\\metadata_legacy.py', reloading
2025-06-09 12:29:26,724 - INFO -  * Detected change in 'C:\\Users\\emilio\\Desktop\\Oficina Ranuk\\Job_finder_app\\venv\\Lib\\site-packages\\pip\\_internal\\operations\\build\\wheel.py', reloading
2025-06-09 12:29:26,726 - INFO -  * Detected change in 'C:\\Users\\emilio\\Desktop\\Oficina Ranuk\\Job_finder_app\\venv\\Lib\\site-packages\\pip\\_internal\\operations\\build\\wheel_editable.py', reloading
2025-06-09 12:29:26,726 - INFO -  * Detected change in 'C:\\Users\\emilio\\Desktop\\Oficina Ranuk\\Job_finder_app\\venv\\Lib\\site-packages\\pip\\_internal\\operations\\build\\wheel_legacy.py', reloading
2025-06-09 12:29:26,728 - INFO -  * Detected change in 'C:\\Users\\emilio\\Desktop\\Oficina Ranuk\\Job_finder_app\\venv\\Lib\\site-packages\\pip\\_internal\\operations\\check.py', reloading
2025-06-09 12:29:26,728 - INFO -  * Detected change in 'C:\\Users\\emilio\\Desktop\\Oficina Ranuk\\Job_finder_app\\venv\\Lib\\site-packages\\pip\\_internal\\operations\\freeze.py', reloading
2025-06-09 12:29:26,728 - INFO -  * Detected change in 'C:\\Users\\emilio\\Desktop\\Oficina Ranuk\\Job_finder_app\\venv\\Lib\\site-packages\\pip\\_internal\\operations\\install\\__init__.py', reloading
2025-06-09 12:29:26,730 - INFO -  * Detected change in 'C:\\Users\\emilio\\Desktop\\Oficina Ranuk\\Job_finder_app\\venv\\Lib\\site-packages\\pip\\_internal\\operations\\install\\editable_legacy.py', reloading
2025-06-09 12:29:26,730 - INFO -  * Detected change in 'C:\\Users\\emilio\\Desktop\\Oficina Ranuk\\Job_finder_app\\venv\\Lib\\site-packages\\pip\\_internal\\operations\\install\\wheel.py', reloading
2025-06-09 12:29:26,732 - INFO -  * Detected change in 'C:\\Users\\emilio\\Desktop\\Oficina Ranuk\\Job_finder_app\\venv\\Lib\\site-packages\\pip\\_internal\\operations\\prepare.py', reloading
2025-06-09 12:29:26,732 - INFO -  * Detected change in 'C:\\Users\\emilio\\Desktop\\Oficina Ranuk\\Job_finder_app\\venv\\Lib\\site-packages\\pip\\_internal\\pyproject.py', reloading
2025-06-09 12:29:26,734 - INFO -  * Detected change in 'C:\\Users\\emilio\\Desktop\\Oficina Ranuk\\Job_finder_app\\venv\\Lib\\site-packages\\pip\\_internal\\req\\__init__.py', reloading
2025-06-09 12:29:26,734 - INFO -  * Detected change in 'C:\\Users\\emilio\\Desktop\\Oficina Ranuk\\Job_finder_app\\venv\\Lib\\site-packages\\pip\\_internal\\req\\constructors.py', reloading
2025-06-09 12:29:26,734 - INFO -  * Detected change in 'C:\\Users\\emilio\\Desktop\\Oficina Ranuk\\Job_finder_app\\venv\\Lib\\site-packages\\pip\\_internal\\req\\req_file.py', reloading
2025-06-09 12:29:26,734 - INFO -  * Detected change in 'C:\\Users\\emilio\\Desktop\\Oficina Ranuk\\Job_finder_app\\venv\\Lib\\site-packages\\pip\\_internal\\req\\req_install.py', reloading
2025-06-09 12:29:26,734 - INFO -  * Detected change in 'C:\\Users\\emilio\\Desktop\\Oficina Ranuk\\Job_finder_app\\venv\\Lib\\site-packages\\pip\\_internal\\req\\req_set.py', reloading
2025-06-09 12:29:26,734 - INFO -  * Detected change in 'C:\\Users\\emilio\\Desktop\\Oficina Ranuk\\Job_finder_app\\venv\\Lib\\site-packages\\pip\\_internal\\req\\req_uninstall.py', reloading
2025-06-09 12:29:26,739 - INFO -  * Detected change in 'C:\\Users\\emilio\\Desktop\\Oficina Ranuk\\Job_finder_app\\venv\\Lib\\site-packages\\pip\\_internal\\resolution\\base.py', reloading
2025-06-09 12:29:26,739 - INFO -  * Detected change in 'C:\\Users\\emilio\\Desktop\\Oficina Ranuk\\Job_finder_app\\venv\\Lib\\site-packages\\pip\\_internal\\resolution\\legacy\\resolver.py', reloading
2025-06-09 12:29:26,743 - INFO -  * Detected change in 'C:\\Users\\emilio\\Desktop\\Oficina Ranuk\\Job_finder_app\\venv\\Lib\\site-packages\\pip\\_internal\\resolution\\resolvelib\\base.py', reloading
2025-06-09 12:29:26,743 - INFO -  * Detected change in 'C:\\Users\\emilio\\Desktop\\Oficina Ranuk\\Job_finder_app\\venv\\Lib\\site-packages\\pip\\_internal\\resolution\\resolvelib\\candidates.py', reloading
2025-06-09 12:29:26,745 - INFO -  * Detected change in 'C:\\Users\\emilio\\Desktop\\Oficina Ranuk\\Job_finder_app\\venv\\Lib\\site-packages\\pip\\_internal\\resolution\\resolvelib\\factory.py', reloading
2025-06-09 12:29:26,745 - INFO -  * Detected change in 'C:\\Users\\emilio\\Desktop\\Oficina Ranuk\\Job_finder_app\\venv\\Lib\\site-packages\\pip\\_internal\\resolution\\resolvelib\\found_candidates.py', reloading
2025-06-09 12:29:26,747 - INFO -  * Detected change in 'C:\\Users\\emilio\\Desktop\\Oficina Ranuk\\Job_finder_app\\venv\\Lib\\site-packages\\pip\\_internal\\resolution\\resolvelib\\provider.py', reloading
2025-06-09 12:29:26,747 - INFO -  * Detected change in 'C:\\Users\\emilio\\Desktop\\Oficina Ranuk\\Job_finder_app\\venv\\Lib\\site-packages\\pip\\_internal\\resolution\\resolvelib\\reporter.py', reloading
2025-06-09 12:29:26,747 - INFO -  * Detected change in 'C:\\Users\\emilio\\Desktop\\Oficina Ranuk\\Job_finder_app\\venv\\Lib\\site-packages\\pip\\_internal\\resolution\\resolvelib\\requirements.py', reloading
2025-06-09 12:29:26,747 - INFO -  * Detected change in 'C:\\Users\\emilio\\Desktop\\Oficina Ranuk\\Job_finder_app\\venv\\Lib\\site-packages\\pip\\_internal\\resolution\\resolvelib\\resolver.py', reloading
2025-06-09 12:29:26,751 - INFO -  * Detected change in 'C:\\Users\\emilio\\Desktop\\Oficina Ranuk\\Job_finder_app\\venv\\Lib\\site-packages\\pip\\_internal\\self_outdated_check.py', reloading
2025-06-09 12:29:26,751 - INFO -  * Detected change in 'C:\\Users\\emilio\\Desktop\\Oficina Ranuk\\Job_finder_app\\venv\\Lib\\site-packages\\pip\\_internal\\utils\\_jaraco_text.py', reloading
2025-06-09 12:29:26,751 - INFO -  * Detected change in 'C:\\Users\\emilio\\Desktop\\Oficina Ranuk\\Job_finder_app\\venv\\Lib\\site-packages\\pip\\_internal\\utils\\_log.py', reloading
2025-06-09 12:29:26,751 - INFO -  * Detected change in 'C:\\Users\\emilio\\Desktop\\Oficina Ranuk\\Job_finder_app\\venv\\Lib\\site-packages\\pip\\_internal\\utils\\appdirs.py', reloading
2025-06-09 12:29:26,755 - INFO -  * Detected change in 'C:\\Users\\emilio\\Desktop\\Oficina Ranuk\\Job_finder_app\\venv\\Lib\\site-packages\\pip\\_internal\\utils\\compat.py', reloading
2025-06-09 12:29:26,755 - INFO -  * Detected change in 'C:\\Users\\emilio\\Desktop\\Oficina Ranuk\\Job_finder_app\\venv\\Lib\\site-packages\\pip\\_internal\\utils\\compatibility_tags.py', reloading
2025-06-09 12:29:26,757 - INFO -  * Detected change in 'C:\\Users\\emilio\\Desktop\\Oficina Ranuk\\Job_finder_app\\venv\\Lib\\site-packages\\pip\\_internal\\utils\\datetime.py', reloading
2025-06-09 12:29:26,759 - INFO -  * Detected change in 'C:\\Users\\emilio\\Desktop\\Oficina Ranuk\\Job_finder_app\\venv\\Lib\\site-packages\\pip\\_internal\\utils\\deprecation.py', reloading
2025-06-09 12:29:26,759 - INFO -  * Detected change in 'C:\\Users\\emilio\\Desktop\\Oficina Ranuk\\Job_finder_app\\venv\\Lib\\site-packages\\pip\\_internal\\utils\\direct_url_helpers.py', reloading
2025-06-09 12:29:26,761 - INFO -  * Detected change in 'C:\\Users\\emilio\\Desktop\\Oficina Ranuk\\Job_finder_app\\venv\\Lib\\site-packages\\pip\\_internal\\utils\\egg_link.py', reloading
2025-06-09 12:29:26,761 - INFO -  * Detected change in 'C:\\Users\\emilio\\Desktop\\Oficina Ranuk\\Job_finder_app\\venv\\Lib\\site-packages\\pip\\_internal\\utils\\entrypoints.py', reloading
2025-06-09 12:29:26,763 - INFO -  * Detected change in 'C:\\Users\\emilio\\Desktop\\Oficina Ranuk\\Job_finder_app\\venv\\Lib\\site-packages\\pip\\_internal\\utils\\filesystem.py', reloading
2025-06-09 12:29:26,763 - INFO -  * Detected change in 'C:\\Users\\emilio\\Desktop\\Oficina Ranuk\\Job_finder_app\\venv\\Lib\\site-packages\\pip\\_internal\\utils\\filetypes.py', reloading
2025-06-09 12:29:26,765 - INFO -  * Detected change in 'C:\\Users\\emilio\\Desktop\\Oficina Ranuk\\Job_finder_app\\venv\\Lib\\site-packages\\pip\\_internal\\utils\\glibc.py', reloading
2025-06-09 12:29:26,765 - INFO -  * Detected change in 'C:\\Users\\emilio\\Desktop\\Oficina Ranuk\\Job_finder_app\\venv\\Lib\\site-packages\\pip\\_internal\\utils\\hashes.py', reloading
2025-06-09 12:29:26,767 - INFO -  * Detected change in 'C:\\Users\\emilio\\Desktop\\Oficina Ranuk\\Job_finder_app\\venv\\Lib\\site-packages\\pip\\_internal\\utils\\logging.py', reloading
2025-06-09 12:29:26,767 - INFO -  * Detected change in 'C:\\Users\\emilio\\Desktop\\Oficina Ranuk\\Job_finder_app\\venv\\Lib\\site-packages\\pip\\_internal\\utils\\misc.py', reloading
2025-06-09 12:29:26,769 - INFO -  * Detected change in 'C:\\Users\\emilio\\Desktop\\Oficina Ranuk\\Job_finder_app\\venv\\Lib\\site-packages\\pip\\_internal\\utils\\packaging.py', reloading
2025-06-09 12:29:26,769 - INFO -  * Detected change in 'C:\\Users\\emilio\\Desktop\\Oficina Ranuk\\Job_finder_app\\venv\\Lib\\site-packages\\pip\\_internal\\utils\\retry.py', reloading
2025-06-09 12:29:26,770 - INFO -  * Detected change in 'C:\\Users\\emilio\\Desktop\\Oficina Ranuk\\Job_finder_app\\venv\\Lib\\site-packages\\pip\\_internal\\utils\\setuptools_build.py', reloading
2025-06-09 12:29:26,770 - INFO -  * Detected change in 'C:\\Users\\emilio\\Desktop\\Oficina Ranuk\\Job_finder_app\\venv\\Lib\\site-packages\\pip\\_internal\\utils\\subprocess.py', reloading
2025-06-09 12:29:26,772 - INFO -  * Detected change in 'C:\\Users\\emilio\\Desktop\\Oficina Ranuk\\Job_finder_app\\venv\\Lib\\site-packages\\pip\\_internal\\utils\\temp_dir.py', reloading
2025-06-09 12:29:26,775 - INFO -  * Detected change in 'C:\\Users\\emilio\\Desktop\\Oficina Ranuk\\Job_finder_app\\venv\\Lib\\site-packages\\pip\\_internal\\utils\\unpacking.py', reloading
2025-06-09 12:29:26,778 - INFO -  * Detected change in 'C:\\Users\\emilio\\Desktop\\Oficina Ranuk\\Job_finder_app\\venv\\Lib\\site-packages\\pip\\_internal\\utils\\urls.py', reloading
2025-06-09 12:29:26,778 - INFO -  * Detected change in 'C:\\Users\\emilio\\Desktop\\Oficina Ranuk\\Job_finder_app\\venv\\Lib\\site-packages\\pip\\_internal\\utils\\virtualenv.py', reloading
2025-06-09 12:29:26,780 - INFO -  * Detected change in 'C:\\Users\\emilio\\Desktop\\Oficina Ranuk\\Job_finder_app\\venv\\Lib\\site-packages\\pip\\_internal\\utils\\wheel.py', reloading
2025-06-09 12:29:26,780 - INFO -  * Detected change in 'C:\\Users\\emilio\\Desktop\\Oficina Ranuk\\Job_finder_app\\venv\\Lib\\site-packages\\pip\\_internal\\vcs\\__init__.py', reloading
2025-06-09 12:29:26,782 - INFO -  * Detected change in 'C:\\Users\\emilio\\Desktop\\Oficina Ranuk\\Job_finder_app\\venv\\Lib\\site-packages\\pip\\_internal\\vcs\\bazaar.py', reloading
2025-06-09 12:29:26,782 - INFO -  * Detected change in 'C:\\Users\\emilio\\Desktop\\Oficina Ranuk\\Job_finder_app\\venv\\Lib\\site-packages\\pip\\_internal\\vcs\\git.py', reloading
2025-06-09 12:29:26,784 - INFO -  * Detected change in 'C:\\Users\\emilio\\Desktop\\Oficina Ranuk\\Job_finder_app\\venv\\Lib\\site-packages\\pip\\_internal\\vcs\\mercurial.py', reloading
2025-06-09 12:29:26,784 - INFO -  * Detected change in 'C:\\Users\\emilio\\Desktop\\Oficina Ranuk\\Job_finder_app\\venv\\Lib\\site-packages\\pip\\_internal\\vcs\\subversion.py', reloading
2025-06-09 12:29:26,786 - INFO -  * Detected change in 'C:\\Users\\emilio\\Desktop\\Oficina Ranuk\\Job_finder_app\\venv\\Lib\\site-packages\\pip\\_internal\\vcs\\versioncontrol.py', reloading
2025-06-09 12:29:26,787 - INFO -  * Detected change in 'C:\\Users\\emilio\\Desktop\\Oficina Ranuk\\Job_finder_app\\venv\\Lib\\site-packages\\pip\\_internal\\wheel_builder.py', reloading
2025-06-09 12:29:26,787 - INFO -  * Detected change in 'C:\\Users\\emilio\\Desktop\\Oficina Ranuk\\Job_finder_app\\venv\\Lib\\site-packages\\pip\\_vendor\\__init__.py', reloading
2025-06-09 12:29:26,789 - INFO -  * Detected change in 'C:\\Users\\emilio\\Desktop\\Oficina Ranuk\\Job_finder_app\\venv\\Lib\\site-packages\\pip\\_vendor\\cachecontrol\\__init__.py', reloading
2025-06-09 12:29:26,789 - INFO -  * Detected change in 'C:\\Users\\emilio\\Desktop\\Oficina Ranuk\\Job_finder_app\\venv\\Lib\\site-packages\\pip\\_vendor\\cachecontrol\\_cmd.py', reloading
2025-06-09 12:29:26,789 - INFO -  * Detected change in 'C:\\Users\\emilio\\Desktop\\Oficina Ranuk\\Job_finder_app\\venv\\Lib\\site-packages\\pip\\_vendor\\cachecontrol\\adapter.py', reloading
2025-06-09 12:29:26,789 - INFO -  * Detected change in 'C:\\Users\\emilio\\Desktop\\Oficina Ranuk\\Job_finder_app\\venv\\Lib\\site-packages\\pip\\_vendor\\cachecontrol\\cache.py', reloading
2025-06-09 12:29:26,789 - INFO -  * Detected change in 'C:\\Users\\emilio\\Desktop\\Oficina Ranuk\\Job_finder_app\\venv\\Lib\\site-packages\\pip\\_vendor\\cachecontrol\\caches\\__init__.py', reloading
2025-06-09 12:29:26,789 - INFO -  * Detected change in 'C:\\Users\\emilio\\Desktop\\Oficina Ranuk\\Job_finder_app\\venv\\Lib\\site-packages\\pip\\_vendor\\cachecontrol\\caches\\file_cache.py', reloading
2025-06-09 12:29:26,789 - INFO -  * Detected change in 'C:\\Users\\emilio\\Desktop\\Oficina Ranuk\\Job_finder_app\\venv\\Lib\\site-packages\\pip\\_vendor\\cachecontrol\\caches\\redis_cache.py', reloading
2025-06-09 12:29:26,796 - INFO -  * Detected change in 'C:\\Users\\emilio\\Desktop\\Oficina Ranuk\\Job_finder_app\\venv\\Lib\\site-packages\\pip\\_vendor\\cachecontrol\\controller.py', reloading
2025-06-09 12:29:26,796 - INFO -  * Detected change in 'C:\\Users\\emilio\\Desktop\\Oficina Ranuk\\Job_finder_app\\venv\\Lib\\site-packages\\pip\\_vendor\\cachecontrol\\filewrapper.py', reloading
2025-06-09 12:29:26,796 - INFO -  * Detected change in 'C:\\Users\\emilio\\Desktop\\Oficina Ranuk\\Job_finder_app\\venv\\Lib\\site-packages\\pip\\_vendor\\cachecontrol\\heuristics.py', reloading
2025-06-09 12:29:26,798 - INFO -  * Detected change in 'C:\\Users\\emilio\\Desktop\\Oficina Ranuk\\Job_finder_app\\venv\\Lib\\site-packages\\pip\\_vendor\\cachecontrol\\serialize.py', reloading
2025-06-09 12:29:26,798 - INFO -  * Detected change in 'C:\\Users\\emilio\\Desktop\\Oficina Ranuk\\Job_finder_app\\venv\\Lib\\site-packages\\pip\\_vendor\\cachecontrol\\wrapper.py', reloading
2025-06-09 12:29:26,802 - INFO -  * Detected change in 'C:\\Users\\emilio\\Desktop\\Oficina Ranuk\\Job_finder_app\\venv\\Lib\\site-packages\\pip\\_vendor\\certifi\\__init__.py', reloading
2025-06-09 12:29:26,802 - INFO -  * Detected change in 'C:\\Users\\emilio\\Desktop\\Oficina Ranuk\\Job_finder_app\\venv\\Lib\\site-packages\\pip\\_vendor\\certifi\\__main__.py', reloading
2025-06-09 12:29:26,804 - INFO -  * Detected change in 'C:\\Users\\emilio\\Desktop\\Oficina Ranuk\\Job_finder_app\\venv\\Lib\\site-packages\\pip\\_vendor\\certifi\\core.py', reloading
2025-06-09 12:29:26,804 - INFO -  * Detected change in 'C:\\Users\\emilio\\Desktop\\Oficina Ranuk\\Job_finder_app\\venv\\Lib\\site-packages\\pip\\_vendor\\distlib\\__init__.py', reloading
2025-06-09 12:29:26,806 - INFO -  * Detected change in 'C:\\Users\\emilio\\Desktop\\Oficina Ranuk\\Job_finder_app\\venv\\Lib\\site-packages\\pip\\_vendor\\distlib\\compat.py', reloading
2025-06-09 12:29:26,806 - INFO -  * Detected change in 'C:\\Users\\emilio\\Desktop\\Oficina Ranuk\\Job_finder_app\\venv\\Lib\\site-packages\\pip\\_vendor\\distlib\\database.py', reloading
2025-06-09 12:29:26,806 - INFO -  * Detected change in 'C:\\Users\\emilio\\Desktop\\Oficina Ranuk\\Job_finder_app\\venv\\Lib\\site-packages\\pip\\_vendor\\distlib\\index.py', reloading
2025-06-09 12:29:26,806 - INFO -  * Detected change in 'C:\\Users\\emilio\\Desktop\\Oficina Ranuk\\Job_finder_app\\venv\\Lib\\site-packages\\pip\\_vendor\\distlib\\locators.py', reloading
2025-06-09 12:29:26,806 - INFO -  * Detected change in 'C:\\Users\\emilio\\Desktop\\Oficina Ranuk\\Job_finder_app\\venv\\Lib\\site-packages\\pip\\_vendor\\distlib\\manifest.py', reloading
2025-06-09 12:29:26,806 - INFO -  * Detected change in 'C:\\Users\\emilio\\Desktop\\Oficina Ranuk\\Job_finder_app\\venv\\Lib\\site-packages\\pip\\_vendor\\distlib\\markers.py', reloading
2025-06-09 12:29:26,806 - INFO -  * Detected change in 'C:\\Users\\emilio\\Desktop\\Oficina Ranuk\\Job_finder_app\\venv\\Lib\\site-packages\\pip\\_vendor\\distlib\\metadata.py', reloading
2025-06-09 12:29:26,806 - INFO -  * Detected change in 'C:\\Users\\emilio\\Desktop\\Oficina Ranuk\\Job_finder_app\\venv\\Lib\\site-packages\\pip\\_vendor\\distlib\\resources.py', reloading
2025-06-09 12:29:26,806 - INFO -  * Detected change in 'C:\\Users\\emilio\\Desktop\\Oficina Ranuk\\Job_finder_app\\venv\\Lib\\site-packages\\pip\\_vendor\\distlib\\scripts.py', reloading
2025-06-09 12:29:26,806 - INFO -  * Detected change in 'C:\\Users\\emilio\\Desktop\\Oficina Ranuk\\Job_finder_app\\venv\\Lib\\site-packages\\pip\\_vendor\\distlib\\util.py', reloading
2025-06-09 12:29:26,806 - INFO -  * Detected change in 'C:\\Users\\emilio\\Desktop\\Oficina Ranuk\\Job_finder_app\\venv\\Lib\\site-packages\\pip\\_vendor\\distlib\\version.py', reloading
2025-06-09 12:29:26,818 - INFO -  * Detected change in 'C:\\Users\\emilio\\Desktop\\Oficina Ranuk\\Job_finder_app\\venv\\Lib\\site-packages\\pip\\_vendor\\distlib\\wheel.py', reloading
2025-06-09 12:29:26,818 - INFO -  * Detected change in 'C:\\Users\\emilio\\Desktop\\Oficina Ranuk\\Job_finder_app\\venv\\Lib\\site-packages\\pip\\_vendor\\distro\\__init__.py', reloading
2025-06-09 12:29:26,821 - INFO -  * Detected change in 'C:\\Users\\emilio\\Desktop\\Oficina Ranuk\\Job_finder_app\\venv\\Lib\\site-packages\\pip\\_vendor\\distro\\__main__.py', reloading
2025-06-09 12:29:26,821 - INFO -  * Detected change in 'C:\\Users\\emilio\\Desktop\\Oficina Ranuk\\Job_finder_app\\venv\\Lib\\site-packages\\pip\\_vendor\\distro\\distro.py', reloading
2025-06-09 12:29:26,823 - INFO -  * Detected change in 'C:\\Users\\emilio\\Desktop\\Oficina Ranuk\\Job_finder_app\\venv\\Lib\\site-packages\\pip\\_vendor\\idna\\__init__.py', reloading
2025-06-09 12:29:26,823 - INFO -  * Detected change in 'C:\\Users\\emilio\\Desktop\\Oficina Ranuk\\Job_finder_app\\venv\\Lib\\site-packages\\pip\\_vendor\\idna\\codec.py', reloading
2025-06-09 12:29:26,823 - INFO -  * Detected change in 'C:\\Users\\emilio\\Desktop\\Oficina Ranuk\\Job_finder_app\\venv\\Lib\\site-packages\\pip\\_vendor\\idna\\compat.py', reloading
2025-06-09 12:29:26,823 - INFO -  * Detected change in 'C:\\Users\\emilio\\Desktop\\Oficina Ranuk\\Job_finder_app\\venv\\Lib\\site-packages\\pip\\_vendor\\idna\\core.py', reloading
2025-06-09 12:29:26,823 - INFO -  * Detected change in 'C:\\Users\\emilio\\Desktop\\Oficina Ranuk\\Job_finder_app\\venv\\Lib\\site-packages\\pip\\_vendor\\idna\\idnadata.py', reloading
2025-06-09 12:29:26,823 - INFO -  * Detected change in 'C:\\Users\\emilio\\Desktop\\Oficina Ranuk\\Job_finder_app\\venv\\Lib\\site-packages\\pip\\_vendor\\idna\\intranges.py', reloading
2025-06-09 12:29:26,823 - INFO -  * Detected change in 'C:\\Users\\emilio\\Desktop\\Oficina Ranuk\\Job_finder_app\\venv\\Lib\\site-packages\\pip\\_vendor\\idna\\package_data.py', reloading
2025-06-09 12:29:26,823 - INFO -  * Detected change in 'C:\\Users\\emilio\\Desktop\\Oficina Ranuk\\Job_finder_app\\venv\\Lib\\site-packages\\pip\\_vendor\\idna\\uts46data.py', reloading
2025-06-09 12:29:26,823 - INFO -  * Detected change in 'C:\\Users\\emilio\\Desktop\\Oficina Ranuk\\Job_finder_app\\venv\\Lib\\site-packages\\pip\\_vendor\\msgpack\\__init__.py', reloading
2025-06-09 12:29:26,823 - INFO -  * Detected change in 'C:\\Users\\emilio\\Desktop\\Oficina Ranuk\\Job_finder_app\\venv\\Lib\\site-packages\\pip\\_vendor\\msgpack\\exceptions.py', reloading
2025-06-09 12:29:26,833 - INFO -  * Detected change in 'C:\\Users\\emilio\\Desktop\\Oficina Ranuk\\Job_finder_app\\venv\\Lib\\site-packages\\pip\\_vendor\\msgpack\\ext.py', reloading
2025-06-09 12:29:26,833 - INFO -  * Detected change in 'C:\\Users\\emilio\\Desktop\\Oficina Ranuk\\Job_finder_app\\venv\\Lib\\site-packages\\pip\\_vendor\\msgpack\\fallback.py', reloading
2025-06-09 12:29:26,835 - INFO -  * Detected change in 'C:\\Users\\emilio\\Desktop\\Oficina Ranuk\\Job_finder_app\\venv\\Lib\\site-packages\\pip\\_vendor\\packaging\\__init__.py', reloading
2025-06-09 12:29:26,835 - INFO -  * Detected change in 'C:\\Users\\emilio\\Desktop\\Oficina Ranuk\\Job_finder_app\\venv\\Lib\\site-packages\\pip\\_vendor\\packaging\\_elffile.py', reloading
2025-06-09 12:29:26,835 - INFO -  * Detected change in 'C:\\Users\\emilio\\Desktop\\Oficina Ranuk\\Job_finder_app\\venv\\Lib\\site-packages\\pip\\_vendor\\packaging\\_manylinux.py', reloading
2025-06-09 12:29:26,839 - INFO -  * Detected change in 'C:\\Users\\emilio\\Desktop\\Oficina Ranuk\\Job_finder_app\\venv\\Lib\\site-packages\\pip\\_vendor\\packaging\\_musllinux.py', reloading
2025-06-09 12:29:26,841 - INFO -  * Detected change in 'C:\\Users\\emilio\\Desktop\\Oficina Ranuk\\Job_finder_app\\venv\\Lib\\site-packages\\pip\\_vendor\\packaging\\_parser.py', reloading
2025-06-09 12:29:26,841 - INFO -  * Detected change in 'C:\\Users\\emilio\\Desktop\\Oficina Ranuk\\Job_finder_app\\venv\\Lib\\site-packages\\pip\\_vendor\\packaging\\_structures.py', reloading
2025-06-09 12:29:26,841 - INFO -  * Detected change in 'C:\\Users\\emilio\\Desktop\\Oficina Ranuk\\Job_finder_app\\venv\\Lib\\site-packages\\pip\\_vendor\\packaging\\_tokenizer.py', reloading
2025-06-09 12:29:26,841 - INFO -  * Detected change in 'C:\\Users\\emilio\\Desktop\\Oficina Ranuk\\Job_finder_app\\venv\\Lib\\site-packages\\pip\\_vendor\\packaging\\licenses\\__init__.py', reloading
2025-06-09 12:29:26,841 - INFO -  * Detected change in 'C:\\Users\\emilio\\Desktop\\Oficina Ranuk\\Job_finder_app\\venv\\Lib\\site-packages\\pip\\_vendor\\packaging\\licenses\\_spdx.py', reloading
2025-06-09 12:29:26,841 - INFO -  * Detected change in 'C:\\Users\\emilio\\Desktop\\Oficina Ranuk\\Job_finder_app\\venv\\Lib\\site-packages\\pip\\_vendor\\packaging\\markers.py', reloading
2025-06-09 12:29:26,848 - INFO -  * Detected change in 'C:\\Users\\emilio\\Desktop\\Oficina Ranuk\\Job_finder_app\\venv\\Lib\\site-packages\\pip\\_vendor\\packaging\\metadata.py', reloading
2025-06-09 12:29:26,848 - INFO -  * Detected change in 'C:\\Users\\emilio\\Desktop\\Oficina Ranuk\\Job_finder_app\\venv\\Lib\\site-packages\\pip\\_vendor\\packaging\\requirements.py', reloading
2025-06-09 12:29:26,849 - INFO -  * Detected change in 'C:\\Users\\emilio\\Desktop\\Oficina Ranuk\\Job_finder_app\\venv\\Lib\\site-packages\\pip\\_vendor\\packaging\\specifiers.py', reloading
2025-06-09 12:29:26,849 - INFO -  * Detected change in 'C:\\Users\\emilio\\Desktop\\Oficina Ranuk\\Job_finder_app\\venv\\Lib\\site-packages\\pip\\_vendor\\packaging\\tags.py', reloading
2025-06-09 12:29:26,849 - INFO -  * Detected change in 'C:\\Users\\emilio\\Desktop\\Oficina Ranuk\\Job_finder_app\\venv\\Lib\\site-packages\\pip\\_vendor\\packaging\\utils.py', reloading
2025-06-09 12:29:26,849 - INFO -  * Detected change in 'C:\\Users\\emilio\\Desktop\\Oficina Ranuk\\Job_finder_app\\venv\\Lib\\site-packages\\pip\\_vendor\\packaging\\version.py', reloading
2025-06-09 12:29:26,849 - INFO -  * Detected change in 'C:\\Users\\emilio\\Desktop\\Oficina Ranuk\\Job_finder_app\\venv\\Lib\\site-packages\\pip\\_vendor\\pkg_resources\\__init__.py', reloading
2025-06-09 12:29:26,849 - INFO -  * Detected change in 'C:\\Users\\emilio\\Desktop\\Oficina Ranuk\\Job_finder_app\\venv\\Lib\\site-packages\\pip\\_vendor\\platformdirs\\__init__.py', reloading
2025-06-09 12:29:26,856 - INFO -  * Detected change in 'C:\\Users\\emilio\\Desktop\\Oficina Ranuk\\Job_finder_app\\venv\\Lib\\site-packages\\pip\\_vendor\\platformdirs\\__main__.py', reloading
2025-06-09 12:29:26,856 - INFO -  * Detected change in 'C:\\Users\\emilio\\Desktop\\Oficina Ranuk\\Job_finder_app\\venv\\Lib\\site-packages\\pip\\_vendor\\platformdirs\\android.py', reloading
2025-06-09 12:29:26,856 - INFO -  * Detected change in 'C:\\Users\\emilio\\Desktop\\Oficina Ranuk\\Job_finder_app\\venv\\Lib\\site-packages\\pip\\_vendor\\platformdirs\\api.py', reloading
2025-06-09 12:29:26,856 - INFO -  * Detected change in 'C:\\Users\\emilio\\Desktop\\Oficina Ranuk\\Job_finder_app\\venv\\Lib\\site-packages\\pip\\_vendor\\platformdirs\\macos.py', reloading
2025-06-09 12:29:26,856 - INFO -  * Detected change in 'C:\\Users\\emilio\\Desktop\\Oficina Ranuk\\Job_finder_app\\venv\\Lib\\site-packages\\pip\\_vendor\\platformdirs\\unix.py', reloading
2025-06-09 12:29:26,856 - INFO -  * Detected change in 'C:\\Users\\emilio\\Desktop\\Oficina Ranuk\\Job_finder_app\\venv\\Lib\\site-packages\\pip\\_vendor\\platformdirs\\version.py', reloading
2025-06-09 12:29:26,856 - INFO -  * Detected change in 'C:\\Users\\emilio\\Desktop\\Oficina Ranuk\\Job_finder_app\\venv\\Lib\\site-packages\\pip\\_vendor\\platformdirs\\windows.py', reloading
2025-06-09 12:29:26,856 - INFO -  * Detected change in 'C:\\Users\\emilio\\Desktop\\Oficina Ranuk\\Job_finder_app\\venv\\Lib\\site-packages\\pip\\_vendor\\pygments\\__init__.py', reloading
2025-06-09 12:29:26,856 - INFO -  * Detected change in 'C:\\Users\\emilio\\Desktop\\Oficina Ranuk\\Job_finder_app\\venv\\Lib\\site-packages\\pip\\_vendor\\pygments\\__main__.py', reloading
2025-06-09 12:29:26,856 - INFO -  * Detected change in 'C:\\Users\\emilio\\Desktop\\Oficina Ranuk\\Job_finder_app\\venv\\Lib\\site-packages\\pip\\_vendor\\pygments\\cmdline.py', reloading
2025-06-09 12:29:26,865 - INFO -  * Detected change in 'C:\\Users\\emilio\\Desktop\\Oficina Ranuk\\Job_finder_app\\venv\\Lib\\site-packages\\pip\\_vendor\\pygments\\console.py', reloading
2025-06-09 12:29:26,865 - INFO -  * Detected change in 'C:\\Users\\emilio\\Desktop\\Oficina Ranuk\\Job_finder_app\\venv\\Lib\\site-packages\\pip\\_vendor\\pygments\\filter.py', reloading
2025-06-09 12:29:26,867 - INFO -  * Detected change in 'C:\\Users\\emilio\\Desktop\\Oficina Ranuk\\Job_finder_app\\venv\\Lib\\site-packages\\pip\\_vendor\\pygments\\filters\\__init__.py', reloading
2025-06-09 12:29:26,867 - INFO -  * Detected change in 'C:\\Users\\emilio\\Desktop\\Oficina Ranuk\\Job_finder_app\\venv\\Lib\\site-packages\\pip\\_vendor\\pygments\\formatter.py', reloading
2025-06-09 12:29:26,867 - INFO -  * Detected change in 'C:\\Users\\emilio\\Desktop\\Oficina Ranuk\\Job_finder_app\\venv\\Lib\\site-packages\\pip\\_vendor\\pygments\\formatters\\__init__.py', reloading
2025-06-09 12:29:26,867 - INFO -  * Detected change in 'C:\\Users\\emilio\\Desktop\\Oficina Ranuk\\Job_finder_app\\venv\\Lib\\site-packages\\pip\\_vendor\\pygments\\formatters\\_mapping.py', reloading
2025-06-09 12:29:26,867 - INFO -  * Detected change in 'C:\\Users\\emilio\\Desktop\\Oficina Ranuk\\Job_finder_app\\venv\\Lib\\site-packages\\pip\\_vendor\\pygments\\formatters\\bbcode.py', reloading
2025-06-09 12:29:26,871 - INFO -  * Detected change in 'C:\\Users\\emilio\\Desktop\\Oficina Ranuk\\Job_finder_app\\venv\\Lib\\site-packages\\pip\\_vendor\\pygments\\formatters\\groff.py', reloading
2025-06-09 12:29:26,873 - INFO -  * Detected change in 'C:\\Users\\emilio\\Desktop\\Oficina Ranuk\\Job_finder_app\\venv\\Lib\\site-packages\\pip\\_vendor\\pygments\\formatters\\html.py', reloading
2025-06-09 12:29:26,875 - INFO -  * Detected change in 'C:\\Users\\emilio\\Desktop\\Oficina Ranuk\\Job_finder_app\\venv\\Lib\\site-packages\\pip\\_vendor\\pygments\\formatters\\img.py', reloading
2025-06-09 12:29:26,875 - INFO -  * Detected change in 'C:\\Users\\emilio\\Desktop\\Oficina Ranuk\\Job_finder_app\\venv\\Lib\\site-packages\\pip\\_vendor\\pygments\\formatters\\irc.py', reloading
2025-06-09 12:29:26,875 - INFO -  * Detected change in 'C:\\Users\\emilio\\Desktop\\Oficina Ranuk\\Job_finder_app\\venv\\Lib\\site-packages\\pip\\_vendor\\pygments\\formatters\\latex.py', reloading
2025-06-09 12:29:26,875 - INFO -  * Detected change in 'C:\\Users\\emilio\\Desktop\\Oficina Ranuk\\Job_finder_app\\venv\\Lib\\site-packages\\pip\\_vendor\\pygments\\formatters\\other.py', reloading
2025-06-09 12:29:26,875 - INFO -  * Detected change in 'C:\\Users\\emilio\\Desktop\\Oficina Ranuk\\Job_finder_app\\venv\\Lib\\site-packages\\pip\\_vendor\\pygments\\formatters\\pangomarkup.py', reloading
2025-06-09 12:29:26,881 - INFO -  * Detected change in 'C:\\Users\\emilio\\Desktop\\Oficina Ranuk\\Job_finder_app\\venv\\Lib\\site-packages\\pip\\_vendor\\pygments\\formatters\\rtf.py', reloading
2025-06-09 12:29:26,883 - INFO -  * Detected change in 'C:\\Users\\emilio\\Desktop\\Oficina Ranuk\\Job_finder_app\\venv\\Lib\\site-packages\\pip\\_vendor\\pygments\\formatters\\svg.py', reloading
2025-06-09 12:29:26,883 - INFO -  * Detected change in 'C:\\Users\\emilio\\Desktop\\Oficina Ranuk\\Job_finder_app\\venv\\Lib\\site-packages\\pip\\_vendor\\pygments\\formatters\\terminal.py', reloading
2025-06-09 12:29:26,883 - INFO -  * Detected change in 'C:\\Users\\emilio\\Desktop\\Oficina Ranuk\\Job_finder_app\\venv\\Lib\\site-packages\\pip\\_vendor\\pygments\\formatters\\terminal256.py', reloading
2025-06-09 12:29:26,883 - INFO -  * Detected change in 'C:\\Users\\emilio\\Desktop\\Oficina Ranuk\\Job_finder_app\\venv\\Lib\\site-packages\\pip\\_vendor\\pygments\\lexer.py', reloading
2025-06-09 12:29:26,883 - INFO -  * Detected change in 'C:\\Users\\emilio\\Desktop\\Oficina Ranuk\\Job_finder_app\\venv\\Lib\\site-packages\\pip\\_vendor\\pygments\\lexers\\__init__.py', reloading
2025-06-09 12:29:26,883 - INFO -  * Detected change in 'C:\\Users\\emilio\\Desktop\\Oficina Ranuk\\Job_finder_app\\venv\\Lib\\site-packages\\pip\\_vendor\\pygments\\lexers\\_mapping.py', reloading
2025-06-09 12:29:26,890 - INFO -  * Detected change in 'C:\\Users\\emilio\\Desktop\\Oficina Ranuk\\Job_finder_app\\venv\\Lib\\site-packages\\pip\\_vendor\\pygments\\lexers\\python.py', reloading
2025-06-09 12:29:26,890 - INFO -  * Detected change in 'C:\\Users\\emilio\\Desktop\\Oficina Ranuk\\Job_finder_app\\venv\\Lib\\site-packages\\pip\\_vendor\\pygments\\modeline.py', reloading
2025-06-09 12:29:26,890 - INFO -  * Detected change in 'C:\\Users\\emilio\\Desktop\\Oficina Ranuk\\Job_finder_app\\venv\\Lib\\site-packages\\pip\\_vendor\\pygments\\plugin.py', reloading
2025-06-09 12:29:26,892 - INFO -  * Detected change in 'C:\\Users\\emilio\\Desktop\\Oficina Ranuk\\Job_finder_app\\venv\\Lib\\site-packages\\pip\\_vendor\\pygments\\regexopt.py', reloading
2025-06-09 12:29:26,892 - INFO -  * Detected change in 'C:\\Users\\emilio\\Desktop\\Oficina Ranuk\\Job_finder_app\\venv\\Lib\\site-packages\\pip\\_vendor\\pygments\\scanner.py', reloading
2025-06-09 12:29:26,892 - INFO -  * Detected change in 'C:\\Users\\emilio\\Desktop\\Oficina Ranuk\\Job_finder_app\\venv\\Lib\\site-packages\\pip\\_vendor\\pygments\\sphinxext.py', reloading
2025-06-09 12:29:26,892 - INFO -  * Detected change in 'C:\\Users\\emilio\\Desktop\\Oficina Ranuk\\Job_finder_app\\venv\\Lib\\site-packages\\pip\\_vendor\\pygments\\style.py', reloading
2025-06-09 12:29:26,897 - INFO -  * Detected change in 'C:\\Users\\emilio\\Desktop\\Oficina Ranuk\\Job_finder_app\\venv\\Lib\\site-packages\\pip\\_vendor\\pygments\\styles\\__init__.py', reloading
2025-06-09 12:29:26,897 - INFO -  * Detected change in 'C:\\Users\\emilio\\Desktop\\Oficina Ranuk\\Job_finder_app\\venv\\Lib\\site-packages\\pip\\_vendor\\pygments\\styles\\_mapping.py', reloading
2025-06-09 12:29:26,899 - INFO -  * Detected change in 'C:\\Users\\emilio\\Desktop\\Oficina Ranuk\\Job_finder_app\\venv\\Lib\\site-packages\\pip\\_vendor\\pygments\\token.py', reloading
2025-06-09 12:29:26,899 - INFO -  * Detected change in 'C:\\Users\\emilio\\Desktop\\Oficina Ranuk\\Job_finder_app\\venv\\Lib\\site-packages\\pip\\_vendor\\pygments\\unistring.py', reloading
2025-06-09 12:29:26,901 - INFO -  * Detected change in 'C:\\Users\\emilio\\Desktop\\Oficina Ranuk\\Job_finder_app\\venv\\Lib\\site-packages\\pip\\_vendor\\pygments\\util.py', reloading
2025-06-09 12:29:26,901 - INFO -  * Detected change in 'C:\\Users\\emilio\\Desktop\\Oficina Ranuk\\Job_finder_app\\venv\\Lib\\site-packages\\pip\\_vendor\\pyproject_hooks\\__init__.py', reloading
2025-06-09 12:29:26,901 - INFO -  * Detected change in 'C:\\Users\\emilio\\Desktop\\Oficina Ranuk\\Job_finder_app\\venv\\Lib\\site-packages\\pip\\_vendor\\pyproject_hooks\\_impl.py', reloading
2025-06-09 12:29:26,901 - INFO -  * Detected change in 'C:\\Users\\emilio\\Desktop\\Oficina Ranuk\\Job_finder_app\\venv\\Lib\\site-packages\\pip\\_vendor\\pyproject_hooks\\_in_process\\__init__.py', reloading
2025-06-09 12:29:26,901 - INFO -  * Detected change in 'C:\\Users\\emilio\\Desktop\\Oficina Ranuk\\Job_finder_app\\venv\\Lib\\site-packages\\pip\\_vendor\\pyproject_hooks\\_in_process\\_in_process.py', reloading
2025-06-09 12:29:26,901 - INFO -  * Detected change in 'C:\\Users\\emilio\\Desktop\\Oficina Ranuk\\Job_finder_app\\venv\\Lib\\site-packages\\pip\\_vendor\\requests\\__init__.py', reloading
2025-06-09 12:29:26,901 - INFO -  * Detected change in 'C:\\Users\\emilio\\Desktop\\Oficina Ranuk\\Job_finder_app\\venv\\Lib\\site-packages\\pip\\_vendor\\requests\\__version__.py', reloading
2025-06-09 12:29:26,908 - INFO -  * Detected change in 'C:\\Users\\emilio\\Desktop\\Oficina Ranuk\\Job_finder_app\\venv\\Lib\\site-packages\\pip\\_vendor\\requests\\_internal_utils.py', reloading
2025-06-09 12:29:26,908 - INFO -  * Detected change in 'C:\\Users\\emilio\\Desktop\\Oficina Ranuk\\Job_finder_app\\venv\\Lib\\site-packages\\pip\\_vendor\\requests\\adapters.py', reloading
2025-06-09 12:29:26,908 - INFO -  * Detected change in 'C:\\Users\\emilio\\Desktop\\Oficina Ranuk\\Job_finder_app\\venv\\Lib\\site-packages\\pip\\_vendor\\requests\\api.py', reloading
2025-06-09 12:29:26,908 - INFO -  * Detected change in 'C:\\Users\\emilio\\Desktop\\Oficina Ranuk\\Job_finder_app\\venv\\Lib\\site-packages\\pip\\_vendor\\requests\\auth.py', reloading
2025-06-09 12:29:26,908 - INFO -  * Detected change in 'C:\\Users\\emilio\\Desktop\\Oficina Ranuk\\Job_finder_app\\venv\\Lib\\site-packages\\pip\\_vendor\\requests\\certs.py', reloading
2025-06-09 12:29:26,912 - INFO -  * Detected change in 'C:\\Users\\emilio\\Desktop\\Oficina Ranuk\\Job_finder_app\\venv\\Lib\\site-packages\\pip\\_vendor\\requests\\compat.py', reloading
2025-06-09 12:29:26,914 - INFO -  * Detected change in 'C:\\Users\\emilio\\Desktop\\Oficina Ranuk\\Job_finder_app\\venv\\Lib\\site-packages\\pip\\_vendor\\requests\\cookies.py', reloading
2025-06-09 12:29:26,916 - INFO -  * Detected change in 'C:\\Users\\emilio\\Desktop\\Oficina Ranuk\\Job_finder_app\\venv\\Lib\\site-packages\\pip\\_vendor\\requests\\exceptions.py', reloading
2025-06-09 12:29:26,916 - INFO -  * Detected change in 'C:\\Users\\emilio\\Desktop\\Oficina Ranuk\\Job_finder_app\\venv\\Lib\\site-packages\\pip\\_vendor\\requests\\help.py', reloading
2025-06-09 12:29:26,916 - INFO -  * Detected change in 'C:\\Users\\emilio\\Desktop\\Oficina Ranuk\\Job_finder_app\\venv\\Lib\\site-packages\\pip\\_vendor\\requests\\hooks.py', reloading
2025-06-09 12:29:26,916 - INFO -  * Detected change in 'C:\\Users\\emilio\\Desktop\\Oficina Ranuk\\Job_finder_app\\venv\\Lib\\site-packages\\pip\\_vendor\\requests\\models.py', reloading
2025-06-09 12:29:26,916 - INFO -  * Detected change in 'C:\\Users\\emilio\\Desktop\\Oficina Ranuk\\Job_finder_app\\venv\\Lib\\site-packages\\pip\\_vendor\\requests\\packages.py', reloading
2025-06-09 12:29:26,916 - INFO -  * Detected change in 'C:\\Users\\emilio\\Desktop\\Oficina Ranuk\\Job_finder_app\\venv\\Lib\\site-packages\\pip\\_vendor\\requests\\sessions.py', reloading
2025-06-09 12:29:26,916 - INFO -  * Detected change in 'C:\\Users\\emilio\\Desktop\\Oficina Ranuk\\Job_finder_app\\venv\\Lib\\site-packages\\pip\\_vendor\\requests\\status_codes.py', reloading
2025-06-09 12:29:26,916 - INFO -  * Detected change in 'C:\\Users\\emilio\\Desktop\\Oficina Ranuk\\Job_finder_app\\venv\\Lib\\site-packages\\pip\\_vendor\\requests\\structures.py', reloading
2025-06-09 12:29:26,916 - INFO -  * Detected change in 'C:\\Users\\emilio\\Desktop\\Oficina Ranuk\\Job_finder_app\\venv\\Lib\\site-packages\\pip\\_vendor\\requests\\utils.py', reloading
2025-06-09 12:29:26,916 - INFO -  * Detected change in 'C:\\Users\\emilio\\Desktop\\Oficina Ranuk\\Job_finder_app\\venv\\Lib\\site-packages\\pip\\_vendor\\resolvelib\\__init__.py', reloading
2025-06-09 12:29:26,916 - INFO -  * Detected change in 'C:\\Users\\emilio\\Desktop\\Oficina Ranuk\\Job_finder_app\\venv\\Lib\\site-packages\\pip\\_vendor\\resolvelib\\compat\\collections_abc.py', reloading
2025-06-09 12:29:26,916 - INFO -  * Detected change in 'C:\\Users\\emilio\\Desktop\\Oficina Ranuk\\Job_finder_app\\venv\\Lib\\site-packages\\pip\\_vendor\\resolvelib\\providers.py', reloading
2025-06-09 12:29:26,916 - INFO -  * Detected change in 'C:\\Users\\emilio\\Desktop\\Oficina Ranuk\\Job_finder_app\\venv\\Lib\\site-packages\\pip\\_vendor\\resolvelib\\reporters.py', reloading
2025-06-09 12:29:26,928 - INFO -  * Detected change in 'C:\\Users\\emilio\\Desktop\\Oficina Ranuk\\Job_finder_app\\venv\\Lib\\site-packages\\pip\\_vendor\\resolvelib\\resolvers.py', reloading
2025-06-09 12:29:26,928 - INFO -  * Detected change in 'C:\\Users\\emilio\\Desktop\\Oficina Ranuk\\Job_finder_app\\venv\\Lib\\site-packages\\pip\\_vendor\\resolvelib\\structs.py', reloading
2025-06-09 12:29:26,928 - INFO -  * Detected change in 'C:\\Users\\emilio\\Desktop\\Oficina Ranuk\\Job_finder_app\\venv\\Lib\\site-packages\\pip\\_vendor\\rich\\__init__.py', reloading
2025-06-09 12:29:26,928 - INFO -  * Detected change in 'C:\\Users\\emilio\\Desktop\\Oficina Ranuk\\Job_finder_app\\venv\\Lib\\site-packages\\pip\\_vendor\\rich\\__main__.py', reloading
2025-06-09 12:29:26,928 - INFO -  * Detected change in 'C:\\Users\\emilio\\Desktop\\Oficina Ranuk\\Job_finder_app\\venv\\Lib\\site-packages\\pip\\_vendor\\rich\\_cell_widths.py', reloading
2025-06-09 12:29:26,928 - INFO -  * Detected change in 'C:\\Users\\emilio\\Desktop\\Oficina Ranuk\\Job_finder_app\\venv\\Lib\\site-packages\\pip\\_vendor\\rich\\_emoji_codes.py', reloading
2025-06-09 12:29:26,928 - INFO -  * Detected change in 'C:\\Users\\emilio\\Desktop\\Oficina Ranuk\\Job_finder_app\\venv\\Lib\\site-packages\\pip\\_vendor\\rich\\_emoji_replace.py', reloading
2025-06-09 12:29:26,935 - INFO -  * Detected change in 'C:\\Users\\emilio\\Desktop\\Oficina Ranuk\\Job_finder_app\\venv\\Lib\\site-packages\\pip\\_vendor\\rich\\_export_format.py', reloading
2025-06-09 12:29:26,935 - INFO -  * Detected change in 'C:\\Users\\emilio\\Desktop\\Oficina Ranuk\\Job_finder_app\\venv\\Lib\\site-packages\\pip\\_vendor\\rich\\_extension.py', reloading
2025-06-09 12:29:26,937 - INFO -  * Detected change in 'C:\\Users\\emilio\\Desktop\\Oficina Ranuk\\Job_finder_app\\venv\\Lib\\site-packages\\pip\\_vendor\\rich\\_fileno.py', reloading
2025-06-09 12:29:26,939 - INFO -  * Detected change in 'C:\\Users\\emilio\\Desktop\\Oficina Ranuk\\Job_finder_app\\venv\\Lib\\site-packages\\pip\\_vendor\\rich\\_inspect.py', reloading
2025-06-09 12:29:26,939 - INFO -  * Detected change in 'C:\\Users\\emilio\\Desktop\\Oficina Ranuk\\Job_finder_app\\venv\\Lib\\site-packages\\pip\\_vendor\\rich\\_log_render.py', reloading
2025-06-09 12:29:26,939 - INFO -  * Detected change in 'C:\\Users\\emilio\\Desktop\\Oficina Ranuk\\Job_finder_app\\venv\\Lib\\site-packages\\pip\\_vendor\\rich\\_loop.py', reloading
2025-06-09 12:29:26,939 - INFO -  * Detected change in 'C:\\Users\\emilio\\Desktop\\Oficina Ranuk\\Job_finder_app\\venv\\Lib\\site-packages\\pip\\_vendor\\rich\\_null_file.py', reloading
2025-06-09 12:29:26,944 - INFO -  * Detected change in 'C:\\Users\\emilio\\Desktop\\Oficina Ranuk\\Job_finder_app\\venv\\Lib\\site-packages\\pip\\_vendor\\rich\\_palettes.py', reloading
2025-06-09 12:29:26,944 - INFO -  * Detected change in 'C:\\Users\\emilio\\Desktop\\Oficina Ranuk\\Job_finder_app\\venv\\Lib\\site-packages\\pip\\_vendor\\rich\\_pick.py', reloading
2025-06-09 12:29:26,944 - INFO -  * Detected change in 'C:\\Users\\emilio\\Desktop\\Oficina Ranuk\\Job_finder_app\\venv\\Lib\\site-packages\\pip\\_vendor\\rich\\_ratio.py', reloading
2025-06-09 12:29:26,944 - INFO -  * Detected change in 'C:\\Users\\emilio\\Desktop\\Oficina Ranuk\\Job_finder_app\\venv\\Lib\\site-packages\\pip\\_vendor\\rich\\_spinners.py', reloading
2025-06-09 12:29:26,944 - INFO -  * Detected change in 'C:\\Users\\emilio\\Desktop\\Oficina Ranuk\\Job_finder_app\\venv\\Lib\\site-packages\\pip\\_vendor\\rich\\_stack.py', reloading
2025-06-09 12:29:26,944 - INFO -  * Detected change in 'C:\\Users\\emilio\\Desktop\\Oficina Ranuk\\Job_finder_app\\venv\\Lib\\site-packages\\pip\\_vendor\\rich\\_timer.py', reloading
2025-06-09 12:29:26,944 - INFO -  * Detected change in 'C:\\Users\\emilio\\Desktop\\Oficina Ranuk\\Job_finder_app\\venv\\Lib\\site-packages\\pip\\_vendor\\rich\\_win32_console.py', reloading
2025-06-09 12:29:26,950 - INFO -  * Detected change in 'C:\\Users\\emilio\\Desktop\\Oficina Ranuk\\Job_finder_app\\venv\\Lib\\site-packages\\pip\\_vendor\\rich\\_windows.py', reloading
2025-06-09 12:29:26,950 - INFO -  * Detected change in 'C:\\Users\\emilio\\Desktop\\Oficina Ranuk\\Job_finder_app\\venv\\Lib\\site-packages\\pip\\_vendor\\rich\\_windows_renderer.py', reloading
2025-06-09 12:29:26,950 - INFO -  * Detected change in 'C:\\Users\\emilio\\Desktop\\Oficina Ranuk\\Job_finder_app\\venv\\Lib\\site-packages\\pip\\_vendor\\rich\\_wrap.py', reloading
2025-06-09 12:29:26,950 - INFO -  * Detected change in 'C:\\Users\\emilio\\Desktop\\Oficina Ranuk\\Job_finder_app\\venv\\Lib\\site-packages\\pip\\_vendor\\rich\\abc.py', reloading
2025-06-09 12:29:26,950 - INFO -  * Detected change in 'C:\\Users\\emilio\\Desktop\\Oficina Ranuk\\Job_finder_app\\venv\\Lib\\site-packages\\pip\\_vendor\\rich\\align.py', reloading
2025-06-09 12:29:26,956 - INFO -  * Detected change in 'C:\\Users\\emilio\\Desktop\\Oficina Ranuk\\Job_finder_app\\venv\\Lib\\site-packages\\pip\\_vendor\\rich\\ansi.py', reloading
2025-06-09 12:29:26,956 - INFO -  * Detected change in 'C:\\Users\\emilio\\Desktop\\Oficina Ranuk\\Job_finder_app\\venv\\Lib\\site-packages\\pip\\_vendor\\rich\\bar.py', reloading
2025-06-09 12:29:26,958 - INFO -  * Detected change in 'C:\\Users\\emilio\\Desktop\\Oficina Ranuk\\Job_finder_app\\venv\\Lib\\site-packages\\pip\\_vendor\\rich\\box.py', reloading
2025-06-09 12:29:26,958 - INFO -  * Detected change in 'C:\\Users\\emilio\\Desktop\\Oficina Ranuk\\Job_finder_app\\venv\\Lib\\site-packages\\pip\\_vendor\\rich\\cells.py', reloading
2025-06-09 12:29:26,958 - INFO -  * Detected change in 'C:\\Users\\emilio\\Desktop\\Oficina Ranuk\\Job_finder_app\\venv\\Lib\\site-packages\\pip\\_vendor\\rich\\color.py', reloading
2025-06-09 12:29:26,960 - INFO -  * Detected change in 'C:\\Users\\emilio\\Desktop\\Oficina Ranuk\\Job_finder_app\\venv\\Lib\\site-packages\\pip\\_vendor\\rich\\color_triplet.py', reloading
2025-06-09 12:29:26,960 - INFO -  * Detected change in 'C:\\Users\\emilio\\Desktop\\Oficina Ranuk\\Job_finder_app\\venv\\Lib\\site-packages\\pip\\_vendor\\rich\\columns.py', reloading
2025-06-09 12:29:26,960 - INFO -  * Detected change in 'C:\\Users\\emilio\\Desktop\\Oficina Ranuk\\Job_finder_app\\venv\\Lib\\site-packages\\pip\\_vendor\\rich\\console.py', reloading
2025-06-09 12:29:26,960 - INFO -  * Detected change in 'C:\\Users\\emilio\\Desktop\\Oficina Ranuk\\Job_finder_app\\venv\\Lib\\site-packages\\pip\\_vendor\\rich\\constrain.py', reloading
2025-06-09 12:29:26,960 - INFO -  * Detected change in 'C:\\Users\\emilio\\Desktop\\Oficina Ranuk\\Job_finder_app\\venv\\Lib\\site-packages\\pip\\_vendor\\rich\\containers.py', reloading
2025-06-09 12:29:26,960 - INFO -  * Detected change in 'C:\\Users\\emilio\\Desktop\\Oficina Ranuk\\Job_finder_app\\venv\\Lib\\site-packages\\pip\\_vendor\\rich\\control.py', reloading
2025-06-09 12:29:26,960 - INFO -  * Detected change in 'C:\\Users\\emilio\\Desktop\\Oficina Ranuk\\Job_finder_app\\venv\\Lib\\site-packages\\pip\\_vendor\\rich\\default_styles.py', reloading
2025-06-09 12:29:26,960 - INFO -  * Detected change in 'C:\\Users\\emilio\\Desktop\\Oficina Ranuk\\Job_finder_app\\venv\\Lib\\site-packages\\pip\\_vendor\\rich\\diagnose.py', reloading
2025-06-09 12:29:26,960 - INFO -  * Detected change in 'C:\\Users\\emilio\\Desktop\\Oficina Ranuk\\Job_finder_app\\venv\\Lib\\site-packages\\pip\\_vendor\\rich\\emoji.py', reloading
2025-06-09 12:29:26,960 - INFO -  * Detected change in 'C:\\Users\\emilio\\Desktop\\Oficina Ranuk\\Job_finder_app\\venv\\Lib\\site-packages\\pip\\_vendor\\rich\\errors.py', reloading
2025-06-09 12:29:26,960 - INFO -  * Detected change in 'C:\\Users\\emilio\\Desktop\\Oficina Ranuk\\Job_finder_app\\venv\\Lib\\site-packages\\pip\\_vendor\\rich\\file_proxy.py', reloading
2025-06-09 12:29:26,960 - INFO -  * Detected change in 'C:\\Users\\emilio\\Desktop\\Oficina Ranuk\\Job_finder_app\\venv\\Lib\\site-packages\\pip\\_vendor\\rich\\filesize.py', reloading
2025-06-09 12:29:26,960 - INFO -  * Detected change in 'C:\\Users\\emilio\\Desktop\\Oficina Ranuk\\Job_finder_app\\venv\\Lib\\site-packages\\pip\\_vendor\\rich\\highlighter.py', reloading
2025-06-09 12:29:26,973 - INFO -  * Detected change in 'C:\\Users\\emilio\\Desktop\\Oficina Ranuk\\Job_finder_app\\venv\\Lib\\site-packages\\pip\\_vendor\\rich\\json.py', reloading
2025-06-09 12:29:26,973 - INFO -  * Detected change in 'C:\\Users\\emilio\\Desktop\\Oficina Ranuk\\Job_finder_app\\venv\\Lib\\site-packages\\pip\\_vendor\\rich\\jupyter.py', reloading
2025-06-09 12:29:26,975 - INFO -  * Detected change in 'C:\\Users\\emilio\\Desktop\\Oficina Ranuk\\Job_finder_app\\venv\\Lib\\site-packages\\pip\\_vendor\\rich\\layout.py', reloading
2025-06-09 12:29:26,975 - INFO -  * Detected change in 'C:\\Users\\emilio\\Desktop\\Oficina Ranuk\\Job_finder_app\\venv\\Lib\\site-packages\\pip\\_vendor\\rich\\live.py', reloading
2025-06-09 12:29:26,975 - INFO -  * Detected change in 'C:\\Users\\emilio\\Desktop\\Oficina Ranuk\\Job_finder_app\\venv\\Lib\\site-packages\\pip\\_vendor\\rich\\live_render.py', reloading
2025-06-09 12:29:26,975 - INFO -  * Detected change in 'C:\\Users\\emilio\\Desktop\\Oficina Ranuk\\Job_finder_app\\venv\\Lib\\site-packages\\pip\\_vendor\\rich\\logging.py', reloading
2025-06-09 12:29:26,975 - INFO -  * Detected change in 'C:\\Users\\emilio\\Desktop\\Oficina Ranuk\\Job_finder_app\\venv\\Lib\\site-packages\\pip\\_vendor\\rich\\markup.py', reloading
2025-06-09 12:29:26,980 - INFO -  * Detected change in 'C:\\Users\\emilio\\Desktop\\Oficina Ranuk\\Job_finder_app\\venv\\Lib\\site-packages\\pip\\_vendor\\rich\\measure.py', reloading
2025-06-09 12:29:26,980 - INFO -  * Detected change in 'C:\\Users\\emilio\\Desktop\\Oficina Ranuk\\Job_finder_app\\venv\\Lib\\site-packages\\pip\\_vendor\\rich\\padding.py', reloading
2025-06-09 12:29:26,980 - INFO -  * Detected change in 'C:\\Users\\emilio\\Desktop\\Oficina Ranuk\\Job_finder_app\\venv\\Lib\\site-packages\\pip\\_vendor\\rich\\pager.py', reloading
2025-06-09 12:29:26,982 - INFO -  * Detected change in 'C:\\Users\\emilio\\Desktop\\Oficina Ranuk\\Job_finder_app\\venv\\Lib\\site-packages\\pip\\_vendor\\rich\\palette.py', reloading
2025-06-09 12:29:26,982 - INFO -  * Detected change in 'C:\\Users\\emilio\\Desktop\\Oficina Ranuk\\Job_finder_app\\venv\\Lib\\site-packages\\pip\\_vendor\\rich\\panel.py', reloading
2025-06-09 12:29:26,982 - INFO -  * Detected change in 'C:\\Users\\emilio\\Desktop\\Oficina Ranuk\\Job_finder_app\\venv\\Lib\\site-packages\\pip\\_vendor\\rich\\pretty.py', reloading
2025-06-09 12:29:26,982 - INFO -  * Detected change in 'C:\\Users\\emilio\\Desktop\\Oficina Ranuk\\Job_finder_app\\venv\\Lib\\site-packages\\pip\\_vendor\\rich\\progress.py', reloading
2025-06-09 12:29:26,984 - INFO -  * Detected change in 'C:\\Users\\emilio\\Desktop\\Oficina Ranuk\\Job_finder_app\\venv\\Lib\\site-packages\\pip\\_vendor\\rich\\progress_bar.py', reloading
2025-06-09 12:29:26,984 - INFO -  * Detected change in 'C:\\Users\\emilio\\Desktop\\Oficina Ranuk\\Job_finder_app\\venv\\Lib\\site-packages\\pip\\_vendor\\rich\\prompt.py', reloading
2025-06-09 12:29:26,986 - INFO -  * Detected change in 'C:\\Users\\emilio\\Desktop\\Oficina Ranuk\\Job_finder_app\\venv\\Lib\\site-packages\\pip\\_vendor\\rich\\protocol.py', reloading
2025-06-09 12:29:26,986 - INFO -  * Detected change in 'C:\\Users\\emilio\\Desktop\\Oficina Ranuk\\Job_finder_app\\venv\\Lib\\site-packages\\pip\\_vendor\\rich\\region.py', reloading
2025-06-09 12:29:26,986 - INFO -  * Detected change in 'C:\\Users\\emilio\\Desktop\\Oficina Ranuk\\Job_finder_app\\venv\\Lib\\site-packages\\pip\\_vendor\\rich\\repr.py', reloading
2025-06-09 12:29:26,986 - INFO -  * Detected change in 'C:\\Users\\emilio\\Desktop\\Oficina Ranuk\\Job_finder_app\\venv\\Lib\\site-packages\\pip\\_vendor\\rich\\rule.py', reloading
2025-06-09 12:29:26,988 - INFO -  * Detected change in 'C:\\Users\\emilio\\Desktop\\Oficina Ranuk\\Job_finder_app\\venv\\Lib\\site-packages\\pip\\_vendor\\rich\\scope.py', reloading
2025-06-09 12:29:26,988 - INFO -  * Detected change in 'C:\\Users\\emilio\\Desktop\\Oficina Ranuk\\Job_finder_app\\venv\\Lib\\site-packages\\pip\\_vendor\\rich\\screen.py', reloading
2025-06-09 12:29:26,988 - INFO -  * Detected change in 'C:\\Users\\emilio\\Desktop\\Oficina Ranuk\\Job_finder_app\\venv\\Lib\\site-packages\\pip\\_vendor\\rich\\segment.py', reloading
2025-06-09 12:29:26,990 - INFO -  * Detected change in 'C:\\Users\\emilio\\Desktop\\Oficina Ranuk\\Job_finder_app\\venv\\Lib\\site-packages\\pip\\_vendor\\rich\\spinner.py', reloading
2025-06-09 12:29:26,991 - INFO -  * Detected change in 'C:\\Users\\emilio\\Desktop\\Oficina Ranuk\\Job_finder_app\\venv\\Lib\\site-packages\\pip\\_vendor\\rich\\status.py', reloading
2025-06-09 12:29:26,991 - INFO -  * Detected change in 'C:\\Users\\emilio\\Desktop\\Oficina Ranuk\\Job_finder_app\\venv\\Lib\\site-packages\\pip\\_vendor\\rich\\style.py', reloading
2025-06-09 12:29:26,993 - INFO -  * Detected change in 'C:\\Users\\emilio\\Desktop\\Oficina Ranuk\\Job_finder_app\\venv\\Lib\\site-packages\\pip\\_vendor\\rich\\styled.py', reloading
2025-06-09 12:29:26,995 - INFO -  * Detected change in 'C:\\Users\\emilio\\Desktop\\Oficina Ranuk\\Job_finder_app\\venv\\Lib\\site-packages\\pip\\_vendor\\rich\\syntax.py', reloading
2025-06-09 12:29:26,997 - INFO -  * Detected change in 'C:\\Users\\emilio\\Desktop\\Oficina Ranuk\\Job_finder_app\\venv\\Lib\\site-packages\\pip\\_vendor\\rich\\table.py', reloading
2025-06-09 12:29:26,997 - INFO -  * Detected change in 'C:\\Users\\emilio\\Desktop\\Oficina Ranuk\\Job_finder_app\\venv\\Lib\\site-packages\\pip\\_vendor\\rich\\terminal_theme.py', reloading
2025-06-09 12:29:26,999 - INFO -  * Detected change in 'C:\\Users\\emilio\\Desktop\\Oficina Ranuk\\Job_finder_app\\venv\\Lib\\site-packages\\pip\\_vendor\\rich\\text.py', reloading
2025-06-09 12:29:26,999 - INFO -  * Detected change in 'C:\\Users\\emilio\\Desktop\\Oficina Ranuk\\Job_finder_app\\venv\\Lib\\site-packages\\pip\\_vendor\\rich\\theme.py', reloading
2025-06-09 12:29:26,999 - INFO -  * Detected change in 'C:\\Users\\emilio\\Desktop\\Oficina Ranuk\\Job_finder_app\\venv\\Lib\\site-packages\\pip\\_vendor\\rich\\themes.py', reloading
2025-06-09 12:29:27,001 - INFO -  * Detected change in 'C:\\Users\\emilio\\Desktop\\Oficina Ranuk\\Job_finder_app\\venv\\Lib\\site-packages\\pip\\_vendor\\rich\\traceback.py', reloading
2025-06-09 12:29:27,001 - INFO -  * Detected change in 'C:\\Users\\emilio\\Desktop\\Oficina Ranuk\\Job_finder_app\\venv\\Lib\\site-packages\\pip\\_vendor\\rich\\tree.py', reloading
2025-06-09 12:29:27,001 - INFO -  * Detected change in 'C:\\Users\\emilio\\Desktop\\Oficina Ranuk\\Job_finder_app\\venv\\Lib\\site-packages\\pip\\_vendor\\tomli\\__init__.py', reloading
2025-06-09 12:29:27,003 - INFO -  * Detected change in 'C:\\Users\\emilio\\Desktop\\Oficina Ranuk\\Job_finder_app\\venv\\Lib\\site-packages\\pip\\_vendor\\tomli\\_parser.py', reloading
2025-06-09 12:29:27,003 - INFO -  * Detected change in 'C:\\Users\\emilio\\Desktop\\Oficina Ranuk\\Job_finder_app\\venv\\Lib\\site-packages\\pip\\_vendor\\tomli\\_re.py', reloading
2025-06-09 12:29:27,003 - INFO -  * Detected change in 'C:\\Users\\emilio\\Desktop\\Oficina Ranuk\\Job_finder_app\\venv\\Lib\\site-packages\\pip\\_vendor\\tomli\\_types.py', reloading
2025-06-09 12:29:27,003 - INFO -  * Detected change in 'C:\\Users\\emilio\\Desktop\\Oficina Ranuk\\Job_finder_app\\venv\\Lib\\site-packages\\pip\\_vendor\\truststore\\__init__.py', reloading
2025-06-09 12:29:27,007 - INFO -  * Detected change in 'C:\\Users\\emilio\\Desktop\\Oficina Ranuk\\Job_finder_app\\venv\\Lib\\site-packages\\pip\\_vendor\\truststore\\_api.py', reloading
2025-06-09 12:29:27,010 - INFO -  * Detected change in 'C:\\Users\\emilio\\Desktop\\Oficina Ranuk\\Job_finder_app\\venv\\Lib\\site-packages\\pip\\_vendor\\truststore\\_macos.py', reloading
2025-06-09 12:29:27,010 - INFO -  * Detected change in 'C:\\Users\\emilio\\Desktop\\Oficina Ranuk\\Job_finder_app\\venv\\Lib\\site-packages\\pip\\_vendor\\truststore\\_openssl.py', reloading
2025-06-09 12:29:27,012 - INFO -  * Detected change in 'C:\\Users\\emilio\\Desktop\\Oficina Ranuk\\Job_finder_app\\venv\\Lib\\site-packages\\pip\\_vendor\\truststore\\_ssl_constants.py', reloading
2025-06-09 12:29:27,012 - INFO -  * Detected change in 'C:\\Users\\emilio\\Desktop\\Oficina Ranuk\\Job_finder_app\\venv\\Lib\\site-packages\\pip\\_vendor\\truststore\\_windows.py', reloading
2025-06-09 12:29:27,012 - INFO -  * Detected change in 'C:\\Users\\emilio\\Desktop\\Oficina Ranuk\\Job_finder_app\\venv\\Lib\\site-packages\\pip\\_vendor\\typing_extensions.py', reloading
2025-06-09 12:29:27,014 - INFO -  * Detected change in 'C:\\Users\\emilio\\Desktop\\Oficina Ranuk\\Job_finder_app\\venv\\Lib\\site-packages\\pip\\_vendor\\urllib3\\__init__.py', reloading
2025-06-09 12:29:27,014 - INFO -  * Detected change in 'C:\\Users\\emilio\\Desktop\\Oficina Ranuk\\Job_finder_app\\venv\\Lib\\site-packages\\pip\\_vendor\\urllib3\\_collections.py', reloading
2025-06-09 12:29:29,101 - WARNING -  * Debugger is active!
2025-06-09 12:29:29,103 - INFO -  * Debugger PIN: 856-180-173
2025-06-09 12:30:21,924 - INFO - 127.0.0.1 - - [09/Jun/2025 12:30:21] "[32mGET /candidate/dashboard HTTP/1.1[0m" 302 -
2025-06-09 12:30:21,969 - INFO - 127.0.0.1 - - [09/Jun/2025 12:30:21] "GET /login?next=/candidate/dashboard HTTP/1.1" 200 -
2025-06-09 12:30:30,346 - INFO - 127.0.0.1 - - [09/Jun/2025 12:30:30] "[32mPOST /login?next=/candidate/dashboard HTTP/1.1[0m" 302 -
2025-06-09 12:30:30,363 - INFO - 127.0.0.1 - - [09/Jun/2025 12:30:30] "[32mGET /dashboard HTTP/1.1[0m" 302 -
2025-06-09 12:30:30,384 - INFO - 127.0.0.1 - - [09/Jun/2025 12:30:30] "GET /candidate/dashboard HTTP/1.1" 200 -
2025-06-09 12:30:30,895 - INFO - 127.0.0.1 - - [09/Jun/2025 12:30:30] "[36mGET /static/profiles/default-profile.jpg HTTP/1.1[0m" 304 -
2025-06-09 12:30:31,030 - INFO - 127.0.0.1 - - [09/Jun/2025 12:30:31] "[36mGET /static/profiles/default-profile.jpg HTTP/1.1[0m" 304 -
2025-06-09 12:30:32,739 - INFO - 127.0.0.1 - - [09/Jun/2025 12:30:32] "GET /index HTTP/1.1" 200 -
2025-06-09 12:30:32,794 - INFO - 127.0.0.1 - - [09/Jun/2025 12:30:32] "[36mGET /static/profiles/default-profile.jpg HTTP/1.1[0m" 304 -
2025-06-09 12:30:42,001 - INFO - Iniciando parse_cv con archivo: static/profiles\cv
2025-06-09 12:30:42,001 - INFO - Procesando archivo: static/profiles\cv con extensión: 
2025-06-09 12:30:42,001 - ERROR - Formato de archivo no soportado: 
2025-06-09 12:30:42,001 - INFO - Starting job search
2025-06-09 12:30:42,001 - ERROR - Invalid CV text type: <class 'NoneType'>
2025-06-09 12:30:42,013 - INFO - 127.0.0.1 - - [09/Jun/2025 12:30:42] "POST /index HTTP/1.1" 200 -
2025-06-09 12:30:42,070 - INFO - 127.0.0.1 - - [09/Jun/2025 12:30:42] "[36mGET /static/profiles/default-profile.jpg HTTP/1.1[0m" 304 -
2025-06-09 12:30:43,804 - INFO - 127.0.0.1 - - [09/Jun/2025 12:30:43] "GET /index HTTP/1.1" 200 -
2025-06-09 12:30:43,857 - INFO - 127.0.0.1 - - [09/Jun/2025 12:30:43] "[36mGET /static/profiles/default-profile.jpg HTTP/1.1[0m" 304 -
2025-06-09 12:31:24,324 - INFO - Iniciando parse_cv con archivo: static/profiles\cv
2025-06-09 12:31:24,324 - INFO - Procesando archivo: static/profiles\cv con extensión: 
2025-06-09 12:31:24,324 - ERROR - Formato de archivo no soportado: 
2025-06-09 12:31:24,329 - INFO - Starting job search
2025-06-09 12:31:24,331 - ERROR - Invalid CV text type: <class 'NoneType'>
2025-06-09 12:31:24,333 - INFO - 127.0.0.1 - - [09/Jun/2025 12:31:24] "POST /index HTTP/1.1" 200 -
2025-06-09 12:31:24,392 - INFO - 127.0.0.1 - - [09/Jun/2025 12:31:24] "[36mGET /static/profiles/default-profile.jpg HTTP/1.1[0m" 304 -
2025-06-09 12:31:26,214 - INFO - 127.0.0.1 - - [09/Jun/2025 12:31:26] "GET /index HTTP/1.1" 200 -
2025-06-09 12:31:26,267 - INFO - 127.0.0.1 - - [09/Jun/2025 12:31:26] "[36mGET /static/profiles/default-profile.jpg HTTP/1.1[0m" 304 -
2025-06-09 12:32:33,424 - INFO -  * Detected change in 'C:\\Users\\emilio\\Desktop\\Oficina Ranuk\\Job_finder_app\\app.py', reloading
2025-06-09 12:32:35,821 - WARNING -  * Debugger is active!
2025-06-09 12:32:35,829 - INFO -  * Debugger PIN: 856-180-173
2025-06-09 12:38:16,394 - INFO - 127.0.0.1 - - [09/Jun/2025 12:38:16] "GET /login?next=/candidate/dashboard HTTP/1.1" 200 -
2025-06-09 12:38:25,026 - INFO - 127.0.0.1 - - [09/Jun/2025 12:38:25] "[32mPOST /login?next=/candidate/dashboard HTTP/1.1[0m" 302 -
2025-06-09 12:38:25,046 - INFO - 127.0.0.1 - - [09/Jun/2025 12:38:25] "[32mGET /dashboard HTTP/1.1[0m" 302 -
2025-06-09 12:38:25,056 - INFO - 127.0.0.1 - - [09/Jun/2025 12:38:25] "GET /candidate/dashboard HTTP/1.1" 200 -
2025-06-09 12:38:25,529 - INFO - 127.0.0.1 - - [09/Jun/2025 12:38:25] "[36mGET /static/profiles/default-profile.jpg HTTP/1.1[0m" 304 -
2025-06-09 12:38:27,208 - INFO - 127.0.0.1 - - [09/Jun/2025 12:38:27] "GET /index HTTP/1.1" 200 -
2025-06-09 12:38:27,280 - INFO - 127.0.0.1 - - [09/Jun/2025 12:38:27] "[36mGET /static/profiles/default-profile.jpg HTTP/1.1[0m" 304 -
2025-06-09 12:38:34,193 - INFO - Iniciando parse_cv con archivo: static/profiles\cv
2025-06-09 12:38:34,193 - INFO - Procesando archivo: static/profiles\cv con extensión: 
2025-06-09 12:38:34,193 - ERROR - Formato de archivo no soportado: 
2025-06-09 12:38:34,197 - INFO - Starting job search
2025-06-09 12:38:34,197 - ERROR - Invalid CV text type: <class 'NoneType'>
2025-06-09 12:38:34,209 - INFO - 127.0.0.1 - - [09/Jun/2025 12:38:34] "POST /index HTTP/1.1" 200 -
2025-06-09 12:38:34,258 - INFO - 127.0.0.1 - - [09/Jun/2025 12:38:34] "[36mGET /static/profiles/default-profile.jpg HTTP/1.1[0m" 304 -
